2023-08-29 14:20:53.563 INFO Starting Script, 1.0
2023-08-29 14:20:53.571 INFO Collect samAccountName and Mail from Old Active Directory (AD)
2023-08-29 14:20:53.576 ERROR System.Management.Automation.ParameterBindingValidationException: Cannot bind argument to parameter 'Path' because it is null.
   at System.Management.Automation.ExceptionHandlingOps.CheckActionPreference(FunctionContext funcContext, Exception exception)
   at System.Management.Automation.Interpreter.ActionCallInstruction`2.Run(InterpretedFrame frame)
   at System.Management.Automation.Interpreter.EnterTryCatchFinallyInstruction.Run(InterpretedFrame frame)
   at System.Management.Automation.Interpreter.EnterTryCatchFinallyInstruction.Run(InterpretedFrame frame)
2023-08-29 14:24:27.601 INFO Starting Script, 1.0
2023-08-29 14:24:27.603 INFO Collect samAccountName and Mail from Old Active Directory (AD)
2023-08-29 14:24:27.606 ERROR System.Management.Automation.ParameterBindingValidationException: Cannot bind argument to parameter 'Path' because it is null.
   at System.Management.Automation.ExceptionHandlingOps.CheckActionPreference(FunctionContext funcContext, Exception exception)
   at System.Management.Automation.Interpreter.ActionCallInstruction`2.Run(InterpretedFrame frame)
   at System.Management.Automation.Interpreter.EnterTryCatchFinallyInstruction.Run(InterpretedFrame frame)
   at System.Management.Automation.Interpreter.EnterTryCatchFinallyInstruction.Run(InterpretedFrame frame)
2023-08-29 14:25:10.150 INFO Starting Script, 1.0
2023-08-29 14:25:10.163 INFO Collect samAccountName and Mail from Old Active Directory (AD)
2023-08-29 14:25:10.176 ERROR System.Management.Automation.ParameterBindingValidationException: Cannot bind argument to parameter 'Path' because it is null.
   at System.Management.Automation.ExceptionHandlingOps.CheckActionPreference(FunctionContext funcContext, Exception exception)
   at System.Management.Automation.Interpreter.ActionCallInstruction`2.Run(InterpretedFrame frame)
   at System.Management.Automation.Interpreter.EnterTryCatchFinallyInstruction.Run(InterpretedFrame frame)
   at System.Management.Automation.Interpreter.EnterTryCatchFinallyInstruction.Run(InterpretedFrame frame)
2023-08-29 14:29:41.020 INFO Starting Script, 1.0
2023-08-29 14:29:41.025 INFO running test-path on 
2023-08-29 14:29:41.029 ERROR System.Management.Automation.ParameterBindingValidationException: Cannot bind argument to parameter 'Path' because it is null.
   at System.Management.Automation.ExceptionHandlingOps.CheckActionPreference(FunctionContext funcContext, Exception exception)
   at System.Management.Automation.Interpreter.ActionCallInstruction`2.Run(InterpretedFrame frame)
   at System.Management.Automation.Interpreter.EnterTryCatchFinallyInstruction.Run(InterpretedFrame frame)
   at System.Management.Automation.Interpreter.EnterTryCatchFinallyInstruction.Run(InterpretedFrame frame)
2023-08-29 14:40:42.765 INFO Starting Script, 1.0
2023-08-29 14:40:42.771 INFO running test-path on 
2023-08-29 14:40:42.775 ERROR System.Management.Automation.ParameterBindingValidationException: Cannot bind argument to parameter 'Path' because it is null.
   at System.Management.Automation.ExceptionHandlingOps.CheckActionPreference(FunctionContext funcContext, Exception exception)
   at System.Management.Automation.Interpreter.ActionCallInstruction`2.Run(InterpretedFrame frame)
   at System.Management.Automation.Interpreter.EnterTryCatchFinallyInstruction.Run(InterpretedFrame frame)
   at System.Management.Automation.Interpreter.EnterTryCatchFinallyInstruction.Run(InterpretedFrame frame)
2023-08-29 14:42:41.831 INFO Starting Script, 1.0
2023-08-29 14:42:41.836 INFO running test-path on C:\Users\caspe\Downloads\users.csv
2023-08-29 14:42:41.842 ERROR System.Management.Automation.ParameterBindingArgumentTransformationException: Cannot process argument transformation on parameter 'Message'. Cannot convert value to type System.String. ---> System.Management.Automation.ArgumentTransformationMetadataException: Cannot convert value to type System.String. ---> System.Management.Automation.PSInvalidCastException: Cannot convert value to type System.String.
   at System.Management.Automation.ArgumentTypeConverterAttribute.Transform(EngineIntrinsics engineIntrinsics, Object inputData, Boolean bindingParameters, Boolean bindingScriptCmdlet)
   --- End of inner exception stack trace ---
   at System.Management.Automation.ArgumentTypeConverterAttribute.Transform(EngineIntrinsics engineIntrinsics, Object inputData, Boolean bindingParameters, Boolean bindingScriptCmdlet)
   at System.Management.Automation.ParameterBinderBase.BindParameter(CommandParameterInternal parameter, CompiledCommandParameter parameterMetadata, ParameterBindingFlags flags)
   --- End of inner exception stack trace ---
   at System.Management.Automation.ExceptionHandlingOps.CheckActionPreference(FunctionContext funcContext, Exception exception)
   at System.Management.Automation.Interpreter.ActionCallInstruction`2.Run(InterpretedFrame frame)
   at System.Management.Automation.Interpreter.EnterTryCatchFinallyInstruction.Run(InterpretedFrame frame)
   at System.Management.Automation.Interpreter.EnterTryCatchFinallyInstruction.Run(InterpretedFrame frame)
2023-08-29 14:49:44.108 INFO declarations - log is C:\PS\Scripts\Atlassian\On-Prem\RenameUsernamesFromNewADUPN.log
2023-08-29 14:49:44.111 INFO Starting Script, 1.0
2023-08-29 14:49:44.116 INFO Collect samAccountName and Mail from Old Active Directory (AD)
2023-08-29 14:49:44.119 INFO running test-path on C:\Users\caspe\Downloads\users.csv
2023-08-29 14:49:44.124 ERROR System.Management.Automation.ParameterBindingArgumentTransformationException: Cannot process argument transformation on parameter 'Message'. Cannot convert value to type System.String. ---> System.Management.Automation.ArgumentTransformationMetadataException: Cannot convert value to type System.String. ---> System.Management.Automation.PSInvalidCastException: Cannot convert value to type System.String.
   at System.Management.Automation.ArgumentTypeConverterAttribute.Transform(EngineIntrinsics engineIntrinsics, Object inputData, Boolean bindingParameters, Boolean bindingScriptCmdlet)
   --- End of inner exception stack trace ---
   at System.Management.Automation.ArgumentTypeConverterAttribute.Transform(EngineIntrinsics engineIntrinsics, Object inputData, Boolean bindingParameters, Boolean bindingScriptCmdlet)
   at System.Management.Automation.ParameterBinderBase.BindParameter(CommandParameterInternal parameter, CompiledCommandParameter parameterMetadata, ParameterBindingFlags flags)
   --- End of inner exception stack trace ---
   at System.Management.Automation.ExceptionHandlingOps.CheckActionPreference(FunctionContext funcContext, Exception exception)
   at System.Management.Automation.Interpreter.ActionCallInstruction`2.Run(InterpretedFrame frame)
   at System.Management.Automation.Interpreter.EnterTryCatchFinallyInstruction.Run(InterpretedFrame frame)
   at System.Management.Automation.Interpreter.EnterTryCatchFinallyInstruction.Run(InterpretedFrame frame)
2023-08-30 13:00:52.014 INFO declarations - log is C:\PS\Scripts\Atlassian\On-Prem\RenameUsernamesFromNewADUPN.log
2023-08-30 13:00:52.017 INFO Starting Script, 1.0
2023-08-30 13:00:52.021 INFO Collect samAccountName and Mail from Old Active Directory (AD)
2023-08-30 13:00:52.023 INFO running test-path on C:\Users\caspe\Downloads\users.csv
2023-08-30 13:00:52.029 INFO GetOldADUserObjects Completed Successfully.
2023-08-30 13:00:52.063 INFO  
2023-08-30 13:00:52.067 INFO Collect Azure user objects, based on samAccountName and mail from Old Active Directory (AD)
2023-08-30 13:00:52.389 INFO Collected Old Mail as aco@miracle.dk and Old samAccountName as aco, new UPN is 
2023-08-30 13:00:52.461 INFO Collected Old Mail as aos@miracle.dk and Old samAccountName as aos, new UPN is 
2023-08-30 13:00:52.525 INFO Collected Old Mail as ALP@miracle.dk and Old samAccountName as alp, new UPN is 
2023-08-30 13:00:52.652 INFO Collected Old Mail as alj@miracle.dk and Old samAccountName as ajo, new UPN is allan.jacobsen@knowit.dk
2023-08-30 13:00:52.662 INFO Now that all info has been collected, we will start the process of renaming Usernames and Email fields, to their new KNOWIT UPN
2023-08-30 13:00:53.139 INFO ChangeUsernameAndEmail Completed Successfully.
2023-08-30 13:00:53.143 INFO  
2023-08-30 13:00:53.213 INFO Collected Old Mail as abi@miracle.dk and Old samAccountName as abi, new UPN is anders.billekop@knowit.dk
2023-08-30 13:00:53.216 INFO Now that all info has been collected, we will start the process of renaming Usernames and Email fields, to their new KNOWIT UPN
2023-08-30 13:00:53.424 INFO ChangeUsernameAndEmail Completed Successfully.
2023-08-30 13:00:53.427 INFO  
2023-08-30 13:00:53.510 INFO Collected Old Mail as abu@miracle.dk and Old samAccountName as abu, new UPN is anders.buron@knowit.dk
2023-08-30 13:00:53.514 INFO Now that all info has been collected, we will start the process of renaming Usernames and Email fields, to their new KNOWIT UPN
2023-08-30 13:00:53.588 WARN Catched error when renaming destination user but message is not jSON! Exception:
The remote server returned an error: (400) Bad Request.
2023-08-30 13:00:53.593 WARN Failed changing username of abu to anders.buron@knowit.dk! API returned  as username.
2023-08-30 13:00:53.671 WARN Catched error when renaming destination user but message is not jSON! Exception:
The remote server returned an error: (400) Bad Request.
2023-08-30 13:00:53.675 WARN Failed changing username of abu to anders.buron@knowit.dk! API returned  as username.
2023-08-30 13:00:53.748 WARN Catched error when renaming destination user but message is not jSON! Exception:
The remote server returned an error: (400) Bad Request.
2023-08-30 13:00:53.752 WARN Failed changing username of abu to anders.buron@knowit.dk! API returned  as username.
2023-08-30 13:00:53.826 WARN Catched error when renaming destination user but message is not jSON! Exception:
The remote server returned an error: (400) Bad Request.
2023-08-30 13:00:53.830 WARN Failed changing username of abu to anders.buron@knowit.dk! API returned  as username.
2023-08-30 13:00:53.833 WARN Failed changing username 'abu' to 'anders.buron@knowit.dk' after 4 tries!
2023-08-30 13:00:53.836 INFO ChangeUsernameAndEmail Completed Successfully.
2023-08-30 13:00:53.839 INFO  
2023-08-30 13:00:53.909 INFO Collected Old Mail as anders.koch@knowit.dk and Old samAccountName as ank, new UPN is anders.koch@knowit.dk
2023-08-30 13:00:53.912 INFO Now that all info has been collected, we will start the process of renaming Usernames and Email fields, to their new KNOWIT UPN
2023-08-30 13:00:54.143 ERROR System.Management.Automation.RuntimeException: You cannot call a method on a null-valued expression.
   at System.Management.Automation.ExceptionHandlingOps.CheckActionPreference(FunctionContext funcContext, Exception exception)
   at System.Management.Automation.Interpreter.ActionCallInstruction`2.Run(InterpretedFrame frame)
   at System.Management.Automation.Interpreter.EnterTryCatchFinallyInstruction.Run(InterpretedFrame frame)
   at System.Management.Automation.Interpreter.EnterTryCatchFinallyInstruction.Run(InterpretedFrame frame)
2023-08-30 13:00:54.147 INFO GetAzureUserObject Completed Successfully.
2023-08-30 13:00:54.150 INFO  
2023-08-30 13:00:54.154 INFO End of Script
2023-08-30 13:47:01.532 INFO declarations - log is C:\PS\Scripts\Atlassian\On-Prem\RenameUsernamesFromNewADUPN.log
2023-08-30 13:47:01.535 INFO Starting Script, 1.0
2023-08-30 13:47:01.539 INFO Collect samAccountName and Mail from Old Active Directory (AD)
2023-08-30 13:47:01.542 INFO running test-path on C:\Users\caspe\Downloads\users.csv
2023-08-30 13:47:01.546 INFO GetOldADUserObjects Completed Successfully.
2023-08-30 13:47:01.549 INFO  
2023-08-30 13:47:01.553 INFO Collect Azure user objects, based on samAccountName and mail from Old Active Directory (AD)
2023-08-30 13:47:01.718 INFO Collected Old Mail as aco@miracle.dk and Old samAccountName as aco, new UPN is 
2023-08-30 13:47:01.788 INFO Collected Old Mail as aos@miracle.dk and Old samAccountName as aos, new UPN is 
2023-08-30 13:47:01.869 INFO Collected Old Mail as ALP@miracle.dk and Old samAccountName as alp, new UPN is 
2023-08-30 13:47:01.955 INFO Collected Old Mail as alj@miracle.dk and Old samAccountName as ajo, new UPN is allan.jacobsen@knowit.dk
2023-08-30 13:47:01.962 INFO Now that all info has been collected, we will start the process of renaming Usernames and Email fields, to their new KNOWIT UPN
2023-08-30 13:47:02.043 WARN Catched error when checking existence of destination user but message is not jSON! Exception: The response content cannot be parsed because the Internet Explorer engine is not available, or Internet Explorer's first-launch configuration is not complete. Specify the UseBasicParsing parameter and try again. 
2023-08-30 13:47:02.090 WARN Catched error when renaming destination user but message is not jSON! Exception:
The remote server returned an error: (400) Bad Request.
2023-08-30 13:47:02.133 WARN Catched error when checking existence of destination user but message is not jSON! Exception: The response content cannot be parsed because the Internet Explorer engine is not available, or Internet Explorer's first-launch configuration is not complete. Specify the UseBasicParsing parameter and try again. 
2023-08-30 13:47:02.185 WARN Catched error when renaming destination user but message is not jSON! Exception:
The remote server returned an error: (400) Bad Request.
2023-08-30 13:47:02.219 WARN Catched error when checking existence of destination user but message is not jSON! Exception: The response content cannot be parsed because the Internet Explorer engine is not available, or Internet Explorer's first-launch configuration is not complete. Specify the UseBasicParsing parameter and try again. 
2023-08-30 13:47:02.265 WARN Catched error when renaming destination user but message is not jSON! Exception:
The remote server returned an error: (400) Bad Request.
2023-08-30 13:47:02.316 WARN Catched error when checking existence of destination user but message is not jSON! Exception: The response content cannot be parsed because the Internet Explorer engine is not available, or Internet Explorer's first-launch configuration is not complete. Specify the UseBasicParsing parameter and try again. 
2023-08-30 13:47:02.379 WARN Catched error when renaming destination user but message is not jSON! Exception:
The remote server returned an error: (400) Bad Request.
2023-08-30 13:47:02.383 WARN Failed changing overlapping username 'allan.jacobsen@knowit.dk to 'overlap-_-allan.jacobsen@knowit.dk' after 4 tries!
2023-08-30 13:47:02.451 WARN Catched error when renaming destination user but message is not jSON! Exception:
The remote server returned an error: (400) Bad Request.
2023-08-30 13:47:02.455 WARN Failed changing username of ajo to allan.jacobsen@knowit.dk! API returned  as username.
2023-08-30 13:47:02.488 WARN Catched error when checking existence of destination user but message is not jSON! Exception: The response content cannot be parsed because the Internet Explorer engine is not available, or Internet Explorer's first-launch configuration is not complete. Specify the UseBasicParsing parameter and try again. 
2023-08-30 13:47:02.537 WARN Catched error when renaming destination user but message is not jSON! Exception:
The remote server returned an error: (400) Bad Request.
2023-08-30 13:47:02.568 WARN Catched error when checking existence of destination user but message is not jSON! Exception: The response content cannot be parsed because the Internet Explorer engine is not available, or Internet Explorer's first-launch configuration is not complete. Specify the UseBasicParsing parameter and try again. 
2023-08-30 13:47:02.617 WARN Catched error when renaming destination user but message is not jSON! Exception:
The remote server returned an error: (400) Bad Request.
2023-08-30 13:47:02.659 WARN Catched error when checking existence of destination user but message is not jSON! Exception: The response content cannot be parsed because the Internet Explorer engine is not available, or Internet Explorer's first-launch configuration is not complete. Specify the UseBasicParsing parameter and try again. 
2023-08-30 13:47:02.694 WARN Catched error when renaming destination user but message is not jSON! Exception:
The remote server returned an error: (400) Bad Request.
2023-08-30 13:47:02.725 WARN Catched error when checking existence of destination user but message is not jSON! Exception: The response content cannot be parsed because the Internet Explorer engine is not available, or Internet Explorer's first-launch configuration is not complete. Specify the UseBasicParsing parameter and try again. 
2023-08-30 13:47:02.780 WARN Catched error when renaming destination user but message is not jSON! Exception:
The remote server returned an error: (400) Bad Request.
2023-08-30 13:47:02.783 WARN Failed changing overlapping username 'allan.jacobsen@knowit.dk to 'overlap-_-allan.jacobsen@knowit.dk' after 4 tries!
2023-08-30 13:47:02.873 WARN Catched error when renaming destination user but message is not jSON! Exception:
The remote server returned an error: (400) Bad Request.
2023-08-30 13:47:02.876 WARN Failed changing username of ajo to allan.jacobsen@knowit.dk! API returned  as username.
2023-08-30 13:47:02.921 WARN Catched error when checking existence of destination user but message is not jSON! Exception: The response content cannot be parsed because the Internet Explorer engine is not available, or Internet Explorer's first-launch configuration is not complete. Specify the UseBasicParsing parameter and try again. 
2023-08-30 13:47:02.982 WARN Catched error when renaming destination user but message is not jSON! Exception:
The remote server returned an error: (400) Bad Request.
2023-08-30 13:47:03.029 WARN Catched error when checking existence of destination user but message is not jSON! Exception: The response content cannot be parsed because the Internet Explorer engine is not available, or Internet Explorer's first-launch configuration is not complete. Specify the UseBasicParsing parameter and try again. 
2023-08-30 13:47:03.084 WARN Catched error when renaming destination user but message is not jSON! Exception:
The remote server returned an error: (400) Bad Request.
2023-08-30 13:47:03.130 WARN Catched error when checking existence of destination user but message is not jSON! Exception: The response content cannot be parsed because the Internet Explorer engine is not available, or Internet Explorer's first-launch configuration is not complete. Specify the UseBasicParsing parameter and try again. 
2023-08-30 13:47:03.196 WARN Catched error when renaming destination user but message is not jSON! Exception:
The remote server returned an error: (400) Bad Request.
2023-08-30 13:47:03.236 WARN Catched error when checking existence of destination user but message is not jSON! Exception: The response content cannot be parsed because the Internet Explorer engine is not available, or Internet Explorer's first-launch configuration is not complete. Specify the UseBasicParsing parameter and try again. 
2023-08-30 13:47:03.275 WARN Catched error when renaming destination user but message is not jSON! Exception:
The remote server returned an error: (400) Bad Request.
2023-08-30 13:47:03.279 WARN Failed changing overlapping username 'allan.jacobsen@knowit.dk to 'overlap-_-allan.jacobsen@knowit.dk' after 4 tries!
2023-08-30 13:47:03.334 WARN Catched error when renaming destination user but message is not jSON! Exception:
The remote server returned an error: (400) Bad Request.
2023-08-30 13:47:03.338 WARN Failed changing username of ajo to allan.jacobsen@knowit.dk! API returned  as username.
2023-08-30 13:47:03.369 WARN Catched error when checking existence of destination user but message is not jSON! Exception: The response content cannot be parsed because the Internet Explorer engine is not available, or Internet Explorer's first-launch configuration is not complete. Specify the UseBasicParsing parameter and try again. 
2023-08-30 13:47:03.413 WARN Catched error when renaming destination user but message is not jSON! Exception:
The remote server returned an error: (400) Bad Request.
2023-08-30 13:47:03.444 WARN Catched error when checking existence of destination user but message is not jSON! Exception: The response content cannot be parsed because the Internet Explorer engine is not available, or Internet Explorer's first-launch configuration is not complete. Specify the UseBasicParsing parameter and try again. 
2023-08-30 13:47:03.513 WARN Catched error when renaming destination user but message is not jSON! Exception:
The remote server returned an error: (400) Bad Request.
2023-08-30 13:47:03.545 WARN Catched error when checking existence of destination user but message is not jSON! Exception: The response content cannot be parsed because the Internet Explorer engine is not available, or Internet Explorer's first-launch configuration is not complete. Specify the UseBasicParsing parameter and try again. 
2023-08-30 13:47:03.585 WARN Catched error when renaming destination user but message is not jSON! Exception:
The remote server returned an error: (400) Bad Request.
2023-08-30 13:47:03.617 WARN Catched error when checking existence of destination user but message is not jSON! Exception: The response content cannot be parsed because the Internet Explorer engine is not available, or Internet Explorer's first-launch configuration is not complete. Specify the UseBasicParsing parameter and try again. 
2023-08-30 13:47:03.678 WARN Catched error when renaming destination user but message is not jSON! Exception:
The remote server returned an error: (400) Bad Request.
2023-08-30 13:47:03.681 WARN Failed changing overlapping username 'allan.jacobsen@knowit.dk to 'overlap-_-allan.jacobsen@knowit.dk' after 4 tries!
2023-08-30 13:47:03.759 WARN Catched error when renaming destination user but message is not jSON! Exception:
The remote server returned an error: (400) Bad Request.
2023-08-30 13:47:03.762 WARN Failed changing username of ajo to allan.jacobsen@knowit.dk! API returned  as username.
2023-08-30 13:47:03.765 WARN Failed changing username 'ajo' to 'allan.jacobsen@knowit.dk' after 4 tries!
2023-08-30 13:47:03.769 INFO ChangeUsernameAndEmail Completed Successfully.
2023-08-30 13:47:03.773 INFO  
2023-08-30 13:47:03.857 INFO Collected Old Mail as abi@miracle.dk and Old samAccountName as abi, new UPN is anders.billekop@knowit.dk
2023-08-30 13:47:03.860 INFO Now that all info has been collected, we will start the process of renaming Usernames and Email fields, to their new KNOWIT UPN
2023-08-30 13:47:03.953 WARN Catched error when checking existence of destination user but message is not jSON! Exception: The response content cannot be parsed because the Internet Explorer engine is not available, or Internet Explorer's first-launch configuration is not complete. Specify the UseBasicParsing parameter and try again. 
2023-08-30 13:47:04.025 WARN Catched error when renaming destination user but message is not jSON! Exception:
The remote server returned an error: (400) Bad Request.
2023-08-30 13:47:04.056 WARN Catched error when checking existence of destination user but message is not jSON! Exception: The response content cannot be parsed because the Internet Explorer engine is not available, or Internet Explorer's first-launch configuration is not complete. Specify the UseBasicParsing parameter and try again. 
2023-08-30 13:47:04.119 WARN Catched error when renaming destination user but message is not jSON! Exception:
The remote server returned an error: (400) Bad Request.
2023-08-30 13:47:04.154 WARN Catched error when checking existence of destination user but message is not jSON! Exception: The response content cannot be parsed because the Internet Explorer engine is not available, or Internet Explorer's first-launch configuration is not complete. Specify the UseBasicParsing parameter and try again. 
2023-08-30 13:47:04.200 WARN Catched error when renaming destination user but message is not jSON! Exception:
The remote server returned an error: (400) Bad Request.
2023-08-30 13:47:04.232 WARN Catched error when checking existence of destination user but message is not jSON! Exception: The response content cannot be parsed because the Internet Explorer engine is not available, or Internet Explorer's first-launch configuration is not complete. Specify the UseBasicParsing parameter and try again. 
2023-08-30 13:47:04.278 WARN Catched error when renaming destination user but message is not jSON! Exception:
The remote server returned an error: (400) Bad Request.
2023-08-30 13:47:04.282 WARN Failed changing overlapping username 'anders.billekop@knowit.dk to 'overlap-_-anders.billekop@knowit.dk' after 4 tries!
2023-08-30 13:47:04.339 WARN Catched error when renaming destination user but message is not jSON! Exception:
The remote server returned an error: (400) Bad Request.
2023-08-30 13:47:04.343 WARN Failed changing username of abi to anders.billekop@knowit.dk! API returned  as username.
2023-08-30 13:47:04.376 WARN Catched error when checking existence of destination user but message is not jSON! Exception: The response content cannot be parsed because the Internet Explorer engine is not available, or Internet Explorer's first-launch configuration is not complete. Specify the UseBasicParsing parameter and try again. 
2023-08-30 13:47:04.416 WARN Catched error when renaming destination user but message is not jSON! Exception:
The remote server returned an error: (400) Bad Request.
2023-08-30 13:47:04.449 WARN Catched error when checking existence of destination user but message is not jSON! Exception: The response content cannot be parsed because the Internet Explorer engine is not available, or Internet Explorer's first-launch configuration is not complete. Specify the UseBasicParsing parameter and try again. 
2023-08-30 13:47:04.507 WARN Catched error when renaming destination user but message is not jSON! Exception:
The remote server returned an error: (400) Bad Request.
2023-08-30 13:47:04.541 WARN Catched error when checking existence of destination user but message is not jSON! Exception: The response content cannot be parsed because the Internet Explorer engine is not available, or Internet Explorer's first-launch configuration is not complete. Specify the UseBasicParsing parameter and try again. 
2023-08-30 13:47:04.588 WARN Catched error when renaming destination user but message is not jSON! Exception:
The remote server returned an error: (400) Bad Request.
2023-08-30 13:47:04.618 WARN Catched error when checking existence of destination user but message is not jSON! Exception: The response content cannot be parsed because the Internet Explorer engine is not available, or Internet Explorer's first-launch configuration is not complete. Specify the UseBasicParsing parameter and try again. 
2023-08-30 13:47:04.666 WARN Catched error when renaming destination user but message is not jSON! Exception:
The remote server returned an error: (400) Bad Request.
2023-08-30 13:47:04.670 WARN Failed changing overlapping username 'anders.billekop@knowit.dk to 'overlap-_-anders.billekop@knowit.dk' after 4 tries!
2023-08-30 13:47:04.729 WARN Catched error when renaming destination user but message is not jSON! Exception:
The remote server returned an error: (400) Bad Request.
2023-08-30 13:47:04.732 WARN Failed changing username of abi to anders.billekop@knowit.dk! API returned  as username.
2023-08-30 13:47:04.764 WARN Catched error when checking existence of destination user but message is not jSON! Exception: The response content cannot be parsed because the Internet Explorer engine is not available, or Internet Explorer's first-launch configuration is not complete. Specify the UseBasicParsing parameter and try again. 
2023-08-30 13:47:04.807 WARN Catched error when renaming destination user but message is not jSON! Exception:
The remote server returned an error: (400) Bad Request.
2023-08-30 13:47:04.838 WARN Catched error when checking existence of destination user but message is not jSON! Exception: The response content cannot be parsed because the Internet Explorer engine is not available, or Internet Explorer's first-launch configuration is not complete. Specify the UseBasicParsing parameter and try again. 
2023-08-30 13:47:04.888 WARN Catched error when renaming destination user but message is not jSON! Exception:
The remote server returned an error: (400) Bad Request.
2023-08-30 13:47:04.924 WARN Catched error when checking existence of destination user but message is not jSON! Exception: The response content cannot be parsed because the Internet Explorer engine is not available, or Internet Explorer's first-launch configuration is not complete. Specify the UseBasicParsing parameter and try again. 
2023-08-30 13:47:04.966 WARN Catched error when renaming destination user but message is not jSON! Exception:
The remote server returned an error: (400) Bad Request.
2023-08-30 13:47:05.001 WARN Catched error when checking existence of destination user but message is not jSON! Exception: The response content cannot be parsed because the Internet Explorer engine is not available, or Internet Explorer's first-launch configuration is not complete. Specify the UseBasicParsing parameter and try again. 
2023-08-30 13:47:05.057 WARN Catched error when renaming destination user but message is not jSON! Exception:
The remote server returned an error: (400) Bad Request.
2023-08-30 13:47:05.061 WARN Failed changing overlapping username 'anders.billekop@knowit.dk to 'overlap-_-anders.billekop@knowit.dk' after 4 tries!
2023-08-30 13:47:05.203 WARN Catched error when renaming destination user but message is not jSON! Exception:
The remote server returned an error: (400) Bad Request.
2023-08-30 13:47:05.207 WARN Failed changing username of abi to anders.billekop@knowit.dk! API returned  as username.
2023-08-30 13:47:05.247 WARN Catched error when checking existence of destination user but message is not jSON! Exception: The response content cannot be parsed because the Internet Explorer engine is not available, or Internet Explorer's first-launch configuration is not complete. Specify the UseBasicParsing parameter and try again. 
2023-08-30 13:47:05.306 WARN Catched error when renaming destination user but message is not jSON! Exception:
The remote server returned an error: (400) Bad Request.
2023-08-30 13:47:05.341 WARN Catched error when checking existence of destination user but message is not jSON! Exception: The response content cannot be parsed because the Internet Explorer engine is not available, or Internet Explorer's first-launch configuration is not complete. Specify the UseBasicParsing parameter and try again. 
2023-08-30 13:47:05.387 WARN Catched error when renaming destination user but message is not jSON! Exception:
The remote server returned an error: (400) Bad Request.
2023-08-30 13:47:05.421 WARN Catched error when checking existence of destination user but message is not jSON! Exception: The response content cannot be parsed because the Internet Explorer engine is not available, or Internet Explorer's first-launch configuration is not complete. Specify the UseBasicParsing parameter and try again. 
2023-08-30 13:47:05.465 WARN Catched error when renaming destination user but message is not jSON! Exception:
The remote server returned an error: (400) Bad Request.
2023-08-30 13:47:05.498 WARN Catched error when checking existence of destination user but message is not jSON! Exception: The response content cannot be parsed because the Internet Explorer engine is not available, or Internet Explorer's first-launch configuration is not complete. Specify the UseBasicParsing parameter and try again. 
2023-08-30 13:47:05.543 WARN Catched error when renaming destination user but message is not jSON! Exception:
The remote server returned an error: (400) Bad Request.
2023-08-30 13:47:05.547 WARN Failed changing overlapping username 'anders.billekop@knowit.dk to 'overlap-_-anders.billekop@knowit.dk' after 4 tries!
2023-08-30 13:47:05.605 WARN Catched error when renaming destination user but message is not jSON! Exception:
The remote server returned an error: (400) Bad Request.
2023-08-30 13:47:05.608 WARN Failed changing username of abi to anders.billekop@knowit.dk! API returned  as username.
2023-08-30 13:47:05.612 WARN Failed changing username 'abi' to 'anders.billekop@knowit.dk' after 4 tries!
2023-08-30 13:47:05.615 INFO ChangeUsernameAndEmail Completed Successfully.
2023-08-30 13:47:05.619 INFO  
2023-08-30 13:47:05.697 INFO Collected Old Mail as abu@miracle.dk and Old samAccountName as abu, new UPN is anders.buron@knowit.dk
2023-08-30 13:47:05.700 INFO Now that all info has been collected, we will start the process of renaming Usernames and Email fields, to their new KNOWIT UPN
2023-08-30 13:47:05.730 WARN Catched error when checking existence of destination user but message is not jSON! Exception: The response content cannot be parsed because the Internet Explorer engine is not available, or Internet Explorer's first-launch configuration is not complete. Specify the UseBasicParsing parameter and try again. 
2023-08-30 13:47:05.775 WARN Catched error when renaming destination user but message is not jSON! Exception:
The remote server returned an error: (400) Bad Request.
2023-08-30 13:47:05.807 WARN Catched error when checking existence of destination user but message is not jSON! Exception: The response content cannot be parsed because the Internet Explorer engine is not available, or Internet Explorer's first-launch configuration is not complete. Specify the UseBasicParsing parameter and try again. 
2023-08-30 13:47:05.870 WARN Catched error when renaming destination user but message is not jSON! Exception:
The remote server returned an error: (400) Bad Request.
2023-08-30 13:47:05.901 WARN Catched error when checking existence of destination user but message is not jSON! Exception: The response content cannot be parsed because the Internet Explorer engine is not available, or Internet Explorer's first-launch configuration is not complete. Specify the UseBasicParsing parameter and try again. 
2023-08-30 13:47:05.949 WARN Catched error when renaming destination user but message is not jSON! Exception:
The remote server returned an error: (400) Bad Request.
2023-08-30 13:47:05.981 WARN Catched error when checking existence of destination user but message is not jSON! Exception: The response content cannot be parsed because the Internet Explorer engine is not available, or Internet Explorer's first-launch configuration is not complete. Specify the UseBasicParsing parameter and try again. 
2023-08-30 13:47:06.031 WARN Catched error when renaming destination user but message is not jSON! Exception:
The remote server returned an error: (400) Bad Request.
2023-08-30 13:47:06.036 WARN Failed changing overlapping username 'anders.buron@knowit.dk to 'overlap-_-anders.buron@knowit.dk' after 4 tries!
2023-08-30 13:47:06.091 WARN Catched error when renaming destination user but message is not jSON! Exception:
The remote server returned an error: (400) Bad Request.
2023-08-30 13:47:06.095 WARN Failed changing username of abu to anders.buron@knowit.dk! API returned  as username.
2023-08-30 13:47:06.126 WARN Catched error when checking existence of destination user but message is not jSON! Exception: The response content cannot be parsed because the Internet Explorer engine is not available, or Internet Explorer's first-launch configuration is not complete. Specify the UseBasicParsing parameter and try again. 
2023-08-30 13:47:06.167 WARN Catched error when renaming destination user but message is not jSON! Exception:
The remote server returned an error: (400) Bad Request.
2023-08-30 13:47:06.201 WARN Catched error when checking existence of destination user but message is not jSON! Exception: The response content cannot be parsed because the Internet Explorer engine is not available, or Internet Explorer's first-launch configuration is not complete. Specify the UseBasicParsing parameter and try again. 
2023-08-30 13:47:06.260 WARN Catched error when renaming destination user but message is not jSON! Exception:
The remote server returned an error: (400) Bad Request.
2023-08-30 13:47:06.292 WARN Catched error when checking existence of destination user but message is not jSON! Exception: The response content cannot be parsed because the Internet Explorer engine is not available, or Internet Explorer's first-launch configuration is not complete. Specify the UseBasicParsing parameter and try again. 
2023-08-30 13:47:06.338 WARN Catched error when renaming destination user but message is not jSON! Exception:
The remote server returned an error: (400) Bad Request.
2023-08-30 13:47:06.368 WARN Catched error when checking existence of destination user but message is not jSON! Exception: The response content cannot be parsed because the Internet Explorer engine is not available, or Internet Explorer's first-launch configuration is not complete. Specify the UseBasicParsing parameter and try again. 
2023-08-30 13:47:06.416 WARN Catched error when renaming destination user but message is not jSON! Exception:
The remote server returned an error: (400) Bad Request.
2023-08-30 13:47:06.420 WARN Failed changing overlapping username 'anders.buron@knowit.dk to 'overlap-_-anders.buron@knowit.dk' after 4 tries!
2023-08-30 13:47:06.463 WARN Catched error when renaming destination user but message is not jSON! Exception:
The remote server returned an error: (400) Bad Request.
2023-08-30 13:47:06.466 WARN Failed changing username of abu to anders.buron@knowit.dk! API returned  as username.
2023-08-30 13:47:06.498 WARN Catched error when checking existence of destination user but message is not jSON! Exception: The response content cannot be parsed because the Internet Explorer engine is not available, or Internet Explorer's first-launch configuration is not complete. Specify the UseBasicParsing parameter and try again. 
2023-08-30 13:47:06.542 WARN Catched error when renaming destination user but message is not jSON! Exception:
The remote server returned an error: (400) Bad Request.
2023-08-30 13:47:06.572 WARN Catched error when checking existence of destination user but message is not jSON! Exception: The response content cannot be parsed because the Internet Explorer engine is not available, or Internet Explorer's first-launch configuration is not complete. Specify the UseBasicParsing parameter and try again. 
2023-08-30 13:47:06.620 WARN Catched error when renaming destination user but message is not jSON! Exception:
The remote server returned an error: (400) Bad Request.
2023-08-30 13:47:06.653 WARN Catched error when checking existence of destination user but message is not jSON! Exception: The response content cannot be parsed because the Internet Explorer engine is not available, or Internet Explorer's first-launch configuration is not complete. Specify the UseBasicParsing parameter and try again. 
2023-08-30 13:47:06.698 WARN Catched error when renaming destination user but message is not jSON! Exception:
The remote server returned an error: (400) Bad Request.
2023-08-30 13:47:06.729 WARN Catched error when checking existence of destination user but message is not jSON! Exception: The response content cannot be parsed because the Internet Explorer engine is not available, or Internet Explorer's first-launch configuration is not complete. Specify the UseBasicParsing parameter and try again. 
2023-08-30 13:47:06.776 WARN Catched error when renaming destination user but message is not jSON! Exception:
The remote server returned an error: (400) Bad Request.
2023-08-30 13:47:06.780 WARN Failed changing overlapping username 'anders.buron@knowit.dk to 'overlap-_-anders.buron@knowit.dk' after 4 tries!
2023-08-30 13:47:06.822 WARN Catched error when renaming destination user but message is not jSON! Exception:
The remote server returned an error: (400) Bad Request.
2023-08-30 13:47:06.825 WARN Failed changing username of abu to anders.buron@knowit.dk! API returned  as username.
2023-08-30 13:47:06.856 WARN Catched error when checking existence of destination user but message is not jSON! Exception: The response content cannot be parsed because the Internet Explorer engine is not available, or Internet Explorer's first-launch configuration is not complete. Specify the UseBasicParsing parameter and try again. 
2023-08-30 13:47:06.913 WARN Catched error when renaming destination user but message is not jSON! Exception:
The remote server returned an error: (400) Bad Request.
2023-08-30 13:47:06.951 WARN Catched error when checking existence of destination user but message is not jSON! Exception: The response content cannot be parsed because the Internet Explorer engine is not available, or Internet Explorer's first-launch configuration is not complete. Specify the UseBasicParsing parameter and try again. 
2023-08-30 13:47:06.996 WARN Catched error when renaming destination user but message is not jSON! Exception:
The remote server returned an error: (400) Bad Request.
2023-08-30 13:47:07.026 WARN Catched error when checking existence of destination user but message is not jSON! Exception: The response content cannot be parsed because the Internet Explorer engine is not available, or Internet Explorer's first-launch configuration is not complete. Specify the UseBasicParsing parameter and try again. 
2023-08-30 13:47:07.075 WARN Catched error when renaming destination user but message is not jSON! Exception:
The remote server returned an error: (400) Bad Request.
2023-08-30 13:47:07.106 WARN Catched error when checking existence of destination user but message is not jSON! Exception: The response content cannot be parsed because the Internet Explorer engine is not available, or Internet Explorer's first-launch configuration is not complete. Specify the UseBasicParsing parameter and try again. 
2023-08-30 13:47:07.152 WARN Catched error when renaming destination user but message is not jSON! Exception:
The remote server returned an error: (400) Bad Request.
2023-08-30 13:47:07.158 WARN Failed changing overlapping username 'anders.buron@knowit.dk to 'overlap-_-anders.buron@knowit.dk' after 4 tries!
2023-08-30 13:47:07.216 WARN Catched error when renaming destination user but message is not jSON! Exception:
The remote server returned an error: (400) Bad Request.
2023-08-30 13:47:07.220 WARN Failed changing username of abu to anders.buron@knowit.dk! API returned  as username.
2023-08-30 13:47:07.224 WARN Failed changing username 'abu' to 'anders.buron@knowit.dk' after 4 tries!
2023-08-30 13:47:07.228 INFO ChangeUsernameAndEmail Completed Successfully.
2023-08-30 13:47:07.231 INFO  
2023-08-30 13:47:07.314 INFO Collected Old Mail as anders.koch@knowit.dk and Old samAccountName as ank, new UPN is anders.koch@knowit.dk
2023-08-30 13:47:07.317 INFO Now that all info has been collected, we will start the process of renaming Usernames and Email fields, to their new KNOWIT UPN
2023-08-30 13:47:07.386 WARN Catched error when renaming destination user but message is not jSON! Exception:
The remote server returned an error: (400) Bad Request.
2023-08-30 13:47:07.390 WARN Failed changing username of ank to anders.koch@knowit.dk! API returned  as username.
2023-08-30 13:47:07.453 WARN Catched error when renaming destination user but message is not jSON! Exception:
The remote server returned an error: (400) Bad Request.
2023-08-30 13:47:07.456 WARN Failed changing username of ank to anders.koch@knowit.dk! API returned  as username.
2023-08-30 13:47:07.529 WARN Catched error when renaming destination user but message is not jSON! Exception:
The remote server returned an error: (400) Bad Request.
2023-08-30 13:47:07.533 WARN Failed changing username of ank to anders.koch@knowit.dk! API returned  as username.
2023-08-30 13:47:07.606 WARN Catched error when renaming destination user but message is not jSON! Exception:
The remote server returned an error: (400) Bad Request.
2023-08-30 13:47:07.609 WARN Failed changing username of ank to anders.koch@knowit.dk! API returned  as username.
2023-08-30 13:47:07.613 WARN Failed changing username 'ank' to 'anders.koch@knowit.dk' after 4 tries!
2023-08-30 13:47:07.616 INFO ChangeUsernameAndEmail Completed Successfully.
2023-08-30 13:47:07.620 INFO  
2023-08-30 13:47:07.697 INFO Collected Old Mail as ast@miracle.dk and Old samAccountName as ast, new UPN is anders.staugaard@knowit.dk
2023-08-30 13:47:07.700 INFO Now that all info has been collected, we will start the process of renaming Usernames and Email fields, to their new KNOWIT UPN
2023-08-30 13:47:07.802 WARN Catched error when renaming destination user but message is not jSON! Exception:
The remote server returned an error: (400) Bad Request.
2023-08-30 13:47:07.805 WARN Failed changing username of ast to anders.staugaard@knowit.dk! API returned  as username.
2023-08-30 13:47:07.886 WARN Catched error when renaming destination user but message is not jSON! Exception:
The remote server returned an error: (400) Bad Request.
2023-08-30 13:47:07.889 WARN Failed changing username of ast to anders.staugaard@knowit.dk! API returned  as username.
2023-08-30 13:47:07.968 WARN Catched error when renaming destination user but message is not jSON! Exception:
The remote server returned an error: (400) Bad Request.
2023-08-30 13:47:07.971 WARN Failed changing username of ast to anders.staugaard@knowit.dk! API returned  as username.
2023-08-30 13:47:08.045 WARN Catched error when renaming destination user but message is not jSON! Exception:
The remote server returned an error: (400) Bad Request.
2023-08-30 13:47:08.049 WARN Failed changing username of ast to anders.staugaard@knowit.dk! API returned  as username.
2023-08-30 13:47:08.052 WARN Failed changing username 'ast' to 'anders.staugaard@knowit.dk' after 4 tries!
2023-08-30 13:47:08.056 INFO ChangeUsernameAndEmail Completed Successfully.
2023-08-30 13:47:08.060 INFO  
2023-08-30 13:47:08.136 INFO Collected Old Mail as abh@miracle.dk and Old samAccountName as abh, new UPN is andreas.holm@knowit.dk
2023-08-30 13:47:08.139 INFO Now that all info has been collected, we will start the process of renaming Usernames and Email fields, to their new KNOWIT UPN
2023-08-30 13:47:08.219 WARN Catched error when renaming destination user but message is not jSON! Exception:
The remote server returned an error: (400) Bad Request.
2023-08-30 13:47:08.223 WARN Failed changing username of abh to andreas.holm@knowit.dk! API returned  as username.
2023-08-30 13:47:08.306 WARN Catched error when renaming destination user but message is not jSON! Exception:
The remote server returned an error: (400) Bad Request.
2023-08-30 13:47:08.310 WARN Failed changing username of abh to andreas.holm@knowit.dk! API returned  as username.
2023-08-30 13:47:08.371 WARN Catched error when renaming destination user but message is not jSON! Exception:
The remote server returned an error: (400) Bad Request.
2023-08-30 13:47:08.375 WARN Failed changing username of abh to andreas.holm@knowit.dk! API returned  as username.
2023-08-30 13:47:08.452 WARN Catched error when renaming destination user but message is not jSON! Exception:
The remote server returned an error: (400) Bad Request.
2023-08-30 13:47:08.456 WARN Failed changing username of abh to andreas.holm@knowit.dk! API returned  as username.
2023-08-30 13:47:08.462 WARN Failed changing username 'abh' to 'andreas.holm@knowit.dk' after 4 tries!
2023-08-30 13:47:08.465 INFO ChangeUsernameAndEmail Completed Successfully.
2023-08-30 13:47:08.469 INFO  
2023-08-30 13:47:08.547 INFO Collected Old Mail as aja@miracle.dk and Old samAccountName as aja, new UPN is andreas-jens.axelsen@knowit.dk
2023-08-30 13:47:08.550 INFO Now that all info has been collected, we will start the process of renaming Usernames and Email fields, to their new KNOWIT UPN
2023-08-30 13:47:08.621 WARN Catched error when renaming destination user but message is not jSON! Exception:
The remote server returned an error: (400) Bad Request.
2023-08-30 13:47:08.625 WARN Failed changing username of aja to andreas-jens.axelsen@knowit.dk! API returned  as username.
2023-08-30 13:47:08.703 WARN Catched error when renaming destination user but message is not jSON! Exception:
The remote server returned an error: (400) Bad Request.
2023-08-30 13:47:08.707 WARN Failed changing username of aja to andreas-jens.axelsen@knowit.dk! API returned  as username.
2023-08-30 13:47:08.925 WARN Catched error when renaming destination user but message is not jSON! Exception:
The remote server returned an error: (400) Bad Request.
2023-08-30 13:47:08.929 WARN Failed changing username of aja to andreas-jens.axelsen@knowit.dk! API returned  as username.
2023-08-30 13:47:08.997 WARN Catched error when renaming destination user but message is not jSON! Exception:
The remote server returned an error: (400) Bad Request.
2023-08-30 13:47:09.002 WARN Failed changing username of aja to andreas-jens.axelsen@knowit.dk! API returned  as username.
2023-08-30 13:47:09.007 WARN Failed changing username 'aja' to 'andreas-jens.axelsen@knowit.dk' after 4 tries!
2023-08-30 13:47:09.010 INFO ChangeUsernameAndEmail Completed Successfully.
2023-08-30 13:47:09.014 INFO  
2023-08-30 13:47:09.094 INFO Collected Old Mail as ano@miracle.dk and Old samAccountName as ano, new UPN is 
2023-08-30 13:47:09.175 INFO Collected Old Mail as ams@miracle.dk and Old samAccountName as ams, new UPN is 
2023-08-30 13:47:09.318 INFO Collected Old Mail as agn@miracle.dk and Old samAccountName as agn, new UPN is arik.twena@knowit.dk
2023-08-30 13:47:09.322 INFO Now that all info has been collected, we will start the process of renaming Usernames and Email fields, to their new KNOWIT UPN
2023-08-30 13:47:09.427 WARN Catched error when renaming destination user but message is not jSON! Exception:
The remote server returned an error: (400) Bad Request.
2023-08-30 13:47:09.431 WARN Failed changing username of agn to arik.twena@knowit.dk! API returned  as username.
2023-08-30 13:47:09.525 WARN Catched error when renaming destination user but message is not jSON! Exception:
The remote server returned an error: (400) Bad Request.
2023-08-30 13:47:09.529 WARN Failed changing username of agn to arik.twena@knowit.dk! API returned  as username.
2023-08-30 13:47:09.625 WARN Catched error when renaming destination user but message is not jSON! Exception:
The remote server returned an error: (400) Bad Request.
2023-08-30 13:47:09.629 WARN Failed changing username of agn to arik.twena@knowit.dk! API returned  as username.
2023-08-30 13:47:09.705 WARN Catched error when renaming destination user but message is not jSON! Exception:
The remote server returned an error: (400) Bad Request.
2023-08-30 13:47:09.709 WARN Failed changing username of agn to arik.twena@knowit.dk! API returned  as username.
2023-08-30 13:47:09.713 WARN Failed changing username 'agn' to 'arik.twena@knowit.dk' after 4 tries!
2023-08-30 13:47:09.719 INFO ChangeUsernameAndEmail Completed Successfully.
2023-08-30 13:47:09.723 INFO  
2023-08-30 13:47:09.804 INFO Collected Old Mail as bmm@miracle.dk and Old samAccountName as bmm, new UPN is benny.milt-mikkelsen@knowit.dk
2023-08-30 13:47:09.808 INFO Now that all info has been collected, we will start the process of renaming Usernames and Email fields, to their new KNOWIT UPN
2023-08-30 13:47:09.894 WARN Catched error when renaming destination user but message is not jSON! Exception:
The remote server returned an error: (400) Bad Request.
2023-08-30 13:47:09.897 WARN Failed changing username of bmm to benny.milt-mikkelsen@knowit.dk! API returned  as username.
2023-08-30 13:47:09.971 WARN Catched error when renaming destination user but message is not jSON! Exception:
The remote server returned an error: (400) Bad Request.
2023-08-30 13:47:09.974 WARN Failed changing username of bmm to benny.milt-mikkelsen@knowit.dk! API returned  as username.
2023-08-30 13:47:10.047 WARN Catched error when renaming destination user but message is not jSON! Exception:
The remote server returned an error: (400) Bad Request.
2023-08-30 13:47:10.051 WARN Failed changing username of bmm to benny.milt-mikkelsen@knowit.dk! API returned  as username.
2023-08-30 13:47:10.178 WARN Catched error when renaming destination user but message is not jSON! Exception:
The remote server returned an error: (400) Bad Request.
2023-08-30 13:47:10.182 WARN Failed changing username of bmm to benny.milt-mikkelsen@knowit.dk! API returned  as username.
2023-08-30 13:47:10.186 WARN Failed changing username 'bmm' to 'benny.milt-mikkelsen@knowit.dk' after 4 tries!
2023-08-30 13:47:10.190 INFO ChangeUsernameAndEmail Completed Successfully.
2023-08-30 13:47:10.194 INFO  
2023-08-30 13:47:10.274 INFO Collected Old Mail as bba@miracle.dk and Old samAccountName as bba, new UPN is birgit.bang@knowit.dk
2023-08-30 13:47:10.278 INFO Now that all info has been collected, we will start the process of renaming Usernames and Email fields, to their new KNOWIT UPN
2023-08-30 13:47:10.346 WARN Catched error when renaming destination user but message is not jSON! Exception:
The remote server returned an error: (400) Bad Request.
2023-08-30 13:47:10.349 WARN Failed changing username of bba to birgit.bang@knowit.dk! API returned  as username.
2023-08-30 13:47:10.424 WARN Catched error when renaming destination user but message is not jSON! Exception:
The remote server returned an error: (400) Bad Request.
2023-08-30 13:47:10.428 WARN Failed changing username of bba to birgit.bang@knowit.dk! API returned  as username.
2023-08-30 13:47:10.500 WARN Catched error when renaming destination user but message is not jSON! Exception:
The remote server returned an error: (400) Bad Request.
2023-08-30 13:47:10.504 WARN Failed changing username of bba to birgit.bang@knowit.dk! API returned  as username.
2023-08-30 13:47:10.577 WARN Catched error when renaming destination user but message is not jSON! Exception:
The remote server returned an error: (400) Bad Request.
2023-08-30 13:47:10.580 WARN Failed changing username of bba to birgit.bang@knowit.dk! API returned  as username.
2023-08-30 13:47:10.584 WARN Failed changing username 'bba' to 'birgit.bang@knowit.dk' after 4 tries!
2023-08-30 13:47:10.588 INFO ChangeUsernameAndEmail Completed Successfully.
2023-08-30 13:47:10.592 INFO  
2023-08-30 13:47:10.668 INFO Collected Old Mail as bde@miracle.dk and Old samAccountName as bde, new UPN is bo.dencker@knowit.dk
2023-08-30 13:47:10.672 INFO Now that all info has been collected, we will start the process of renaming Usernames and Email fields, to their new KNOWIT UPN
2023-08-30 13:47:10.732 WARN Catched error when renaming destination user but message is not jSON! Exception:
The remote server returned an error: (400) Bad Request.
2023-08-30 13:47:10.737 WARN Failed changing username of bde to bo.dencker@knowit.dk! API returned  as username.
2023-08-30 13:47:10.810 WARN Catched error when renaming destination user but message is not jSON! Exception:
The remote server returned an error: (400) Bad Request.
2023-08-30 13:47:10.815 WARN Failed changing username of bde to bo.dencker@knowit.dk! API returned  as username.
2023-08-30 13:47:10.888 WARN Catched error when renaming destination user but message is not jSON! Exception:
The remote server returned an error: (400) Bad Request.
2023-08-30 13:47:10.892 WARN Failed changing username of bde to bo.dencker@knowit.dk! API returned  as username.
2023-08-30 13:47:10.967 WARN Catched error when renaming destination user but message is not jSON! Exception:
The remote server returned an error: (400) Bad Request.
2023-08-30 13:47:10.971 WARN Failed changing username of bde to bo.dencker@knowit.dk! API returned  as username.
2023-08-30 13:47:10.975 WARN Failed changing username 'bde' to 'bo.dencker@knowit.dk' after 4 tries!
2023-08-30 13:47:10.978 INFO ChangeUsernameAndEmail Completed Successfully.
2023-08-30 13:47:10.982 INFO  
2023-08-30 13:47:11.085 INFO Collected Old Mail as bfa@miracle.dk and Old samAccountName as bfa, new UPN is bo.falberg@knowit.dk
2023-08-30 13:47:11.088 INFO Now that all info has been collected, we will start the process of renaming Usernames and Email fields, to their new KNOWIT UPN
2023-08-30 13:47:11.156 WARN Catched error when renaming destination user but message is not jSON! Exception:
The remote server returned an error: (400) Bad Request.
2023-08-30 13:47:11.160 WARN Failed changing username of bfa to bo.falberg@knowit.dk! API returned  as username.
2023-08-30 13:47:11.252 WARN Catched error when renaming destination user but message is not jSON! Exception:
The remote server returned an error: (400) Bad Request.
2023-08-30 13:47:11.256 WARN Failed changing username of bfa to bo.falberg@knowit.dk! API returned  as username.
2023-08-30 13:47:11.327 WARN Catched error when renaming destination user but message is not jSON! Exception:
The remote server returned an error: (400) Bad Request.
2023-08-30 13:47:11.331 WARN Failed changing username of bfa to bo.falberg@knowit.dk! API returned  as username.
2023-08-30 13:47:11.405 WARN Catched error when renaming destination user but message is not jSON! Exception:
The remote server returned an error: (400) Bad Request.
2023-08-30 13:47:11.409 WARN Failed changing username of bfa to bo.falberg@knowit.dk! API returned  as username.
2023-08-30 13:47:11.412 WARN Failed changing username 'bfa' to 'bo.falberg@knowit.dk' after 4 tries!
2023-08-30 13:47:11.416 INFO ChangeUsernameAndEmail Completed Successfully.
2023-08-30 13:47:11.420 INFO  
2023-08-30 13:47:11.499 INFO Collected Old Mail as bfe@miracle.dk and Old samAccountName as bfe, new UPN is 
2023-08-30 13:47:11.581 INFO Collected Old Mail as bbj@miracle.dk and Old samAccountName as bbj, new UPN is brian.bek-jensen@knowit.dk
2023-08-30 13:47:11.585 INFO Now that all info has been collected, we will start the process of renaming Usernames and Email fields, to their new KNOWIT UPN
2023-08-30 13:47:11.655 WARN Catched error when renaming destination user but message is not jSON! Exception:
The remote server returned an error: (400) Bad Request.
2023-08-30 13:47:11.659 WARN Failed changing username of bbj to brian.bek-jensen@knowit.dk! API returned  as username.
2023-08-30 13:47:11.733 WARN Catched error when renaming destination user but message is not jSON! Exception:
The remote server returned an error: (400) Bad Request.
2023-08-30 13:47:11.737 WARN Failed changing username of bbj to brian.bek-jensen@knowit.dk! API returned  as username.
2023-08-30 13:47:11.813 WARN Catched error when renaming destination user but message is not jSON! Exception:
The remote server returned an error: (400) Bad Request.
2023-08-30 13:47:11.817 WARN Failed changing username of bbj to brian.bek-jensen@knowit.dk! API returned  as username.
2023-08-30 13:47:11.890 WARN Catched error when renaming destination user but message is not jSON! Exception:
The remote server returned an error: (400) Bad Request.
2023-08-30 13:47:11.894 WARN Failed changing username of bbj to brian.bek-jensen@knowit.dk! API returned  as username.
2023-08-30 13:47:11.897 WARN Failed changing username 'bbj' to 'brian.bek-jensen@knowit.dk' after 4 tries!
2023-08-30 13:47:11.902 INFO ChangeUsernameAndEmail Completed Successfully.
2023-08-30 13:47:11.906 INFO  
2023-08-30 13:47:11.995 INFO Collected Old Mail as bhh@miracle.dk and Old samAccountName as bhh, new UPN is brian.hauge-hansen@knowit.dk
2023-08-30 13:47:11.999 INFO Now that all info has been collected, we will start the process of renaming Usernames and Email fields, to their new KNOWIT UPN
2023-08-30 13:47:12.062 WARN Catched error when renaming destination user but message is not jSON! Exception:
The remote server returned an error: (400) Bad Request.
2023-08-30 13:47:12.065 WARN Failed changing username of bhh to brian.hauge-hansen@knowit.dk! API returned  as username.
2023-08-30 13:47:12.141 WARN Catched error when renaming destination user but message is not jSON! Exception:
The remote server returned an error: (400) Bad Request.
2023-08-30 13:47:12.145 WARN Failed changing username of bhh to brian.hauge-hansen@knowit.dk! API returned  as username.
2023-08-30 13:47:12.283 WARN Catched error when renaming destination user but message is not jSON! Exception:
The remote server returned an error: (400) Bad Request.
2023-08-30 13:47:12.287 WARN Failed changing username of bhh to brian.hauge-hansen@knowit.dk! API returned  as username.
2023-08-30 13:47:12.361 WARN Catched error when renaming destination user but message is not jSON! Exception:
The remote server returned an error: (400) Bad Request.
2023-08-30 13:47:12.365 WARN Failed changing username of bhh to brian.hauge-hansen@knowit.dk! API returned  as username.
2023-08-30 13:47:12.368 WARN Failed changing username 'bhh' to 'brian.hauge-hansen@knowit.dk' after 4 tries!
2023-08-30 13:47:12.372 INFO ChangeUsernameAndEmail Completed Successfully.
2023-08-30 13:47:12.375 INFO  
2023-08-30 13:47:12.460 INFO Collected Old Mail as cbj@miracle.dk and Old samAccountName as cbj, new UPN is camilla.jepsen@knowit.dk
2023-08-30 13:47:12.464 INFO Now that all info has been collected, we will start the process of renaming Usernames and Email fields, to their new KNOWIT UPN
2023-08-30 13:47:12.530 WARN Catched error when renaming destination user but message is not jSON! Exception:
The remote server returned an error: (400) Bad Request.
2023-08-30 13:47:12.534 WARN Failed changing username of cbj to camilla.jepsen@knowit.dk! API returned  as username.
2023-08-30 13:47:12.611 WARN Catched error when renaming destination user but message is not jSON! Exception:
The remote server returned an error: (400) Bad Request.
2023-08-30 13:47:12.614 WARN Failed changing username of cbj to camilla.jepsen@knowit.dk! API returned  as username.
2023-08-30 13:47:12.686 WARN Catched error when renaming destination user but message is not jSON! Exception:
The remote server returned an error: (400) Bad Request.
2023-08-30 13:47:12.690 WARN Failed changing username of cbj to camilla.jepsen@knowit.dk! API returned  as username.
2023-08-30 13:47:12.765 WARN Catched error when renaming destination user but message is not jSON! Exception:
The remote server returned an error: (400) Bad Request.
2023-08-30 13:47:12.769 WARN Failed changing username of cbj to camilla.jepsen@knowit.dk! API returned  as username.
2023-08-30 13:47:12.772 WARN Failed changing username 'cbj' to 'camilla.jepsen@knowit.dk' after 4 tries!
2023-08-30 13:47:12.775 INFO ChangeUsernameAndEmail Completed Successfully.
2023-08-30 13:47:12.779 INFO  
2023-08-30 13:47:12.856 INFO Collected Old Mail as chc@miracle.dk and Old samAccountName as chc, new UPN is casper.christensen@knowit.dk
2023-08-30 13:47:12.860 INFO Now that all info has been collected, we will start the process of renaming Usernames and Email fields, to their new KNOWIT UPN
2023-08-30 13:47:12.894 WARN Catched error when checking existence of destination user but message is not jSON! Exception: The response content cannot be parsed because the Internet Explorer engine is not available, or Internet Explorer's first-launch configuration is not complete. Specify the UseBasicParsing parameter and try again. 
2023-08-30 13:47:12.959 WARN Catched error when renaming destination user but message is not jSON! Exception:
The remote server returned an error: (400) Bad Request.
2023-08-30 13:47:12.990 WARN Catched error when checking existence of destination user but message is not jSON! Exception: The response content cannot be parsed because the Internet Explorer engine is not available, or Internet Explorer's first-launch configuration is not complete. Specify the UseBasicParsing parameter and try again. 
2023-08-30 13:47:13.029 WARN Catched error when renaming destination user but message is not jSON! Exception:
The remote server returned an error: (400) Bad Request.
2023-08-30 13:47:13.058 WARN Catched error when checking existence of destination user but message is not jSON! Exception: The response content cannot be parsed because the Internet Explorer engine is not available, or Internet Explorer's first-launch configuration is not complete. Specify the UseBasicParsing parameter and try again. 
2023-08-30 13:47:13.093 WARN Catched error when renaming destination user but message is not jSON! Exception:
The remote server returned an error: (400) Bad Request.
2023-08-30 13:47:13.123 WARN Catched error when checking existence of destination user but message is not jSON! Exception: The response content cannot be parsed because the Internet Explorer engine is not available, or Internet Explorer's first-launch configuration is not complete. Specify the UseBasicParsing parameter and try again. 
2023-08-30 13:47:13.171 WARN Catched error when renaming destination user but message is not jSON! Exception:
The remote server returned an error: (400) Bad Request.
2023-08-30 13:47:13.174 WARN Failed changing overlapping username 'casper.christensen@knowit.dk to 'overlap-_-casper.christensen@knowit.dk' after 4 tries!
2023-08-30 13:47:13.220 WARN Catched error when renaming destination user but message is not jSON! Exception:
The remote server returned an error: (400) Bad Request.
2023-08-30 13:47:13.223 WARN Failed changing username of chc to casper.christensen@knowit.dk! API returned  as username.
2023-08-30 13:47:13.254 WARN Catched error when checking existence of destination user but message is not jSON! Exception: The response content cannot be parsed because the Internet Explorer engine is not available, or Internet Explorer's first-launch configuration is not complete. Specify the UseBasicParsing parameter and try again. 
2023-08-30 13:47:13.297 WARN Catched error when renaming destination user but message is not jSON! Exception:
The remote server returned an error: (400) Bad Request.
2023-08-30 13:47:13.327 WARN Catched error when checking existence of destination user but message is not jSON! Exception: The response content cannot be parsed because the Internet Explorer engine is not available, or Internet Explorer's first-launch configuration is not complete. Specify the UseBasicParsing parameter and try again. 
2023-08-30 13:47:13.375 WARN Catched error when renaming destination user but message is not jSON! Exception:
The remote server returned an error: (400) Bad Request.
2023-08-30 13:47:13.413 WARN Catched error when checking existence of destination user but message is not jSON! Exception: The response content cannot be parsed because the Internet Explorer engine is not available, or Internet Explorer's first-launch configuration is not complete. Specify the UseBasicParsing parameter and try again. 
2023-08-30 13:47:13.453 WARN Catched error when renaming destination user but message is not jSON! Exception:
The remote server returned an error: (400) Bad Request.
2023-08-30 13:47:13.486 WARN Catched error when checking existence of destination user but message is not jSON! Exception: The response content cannot be parsed because the Internet Explorer engine is not available, or Internet Explorer's first-launch configuration is not complete. Specify the UseBasicParsing parameter and try again. 
2023-08-30 13:47:13.529 WARN Catched error when renaming destination user but message is not jSON! Exception:
The remote server returned an error: (400) Bad Request.
2023-08-30 13:47:13.533 WARN Failed changing overlapping username 'casper.christensen@knowit.dk to 'overlap-_-casper.christensen@knowit.dk' after 4 tries!
2023-08-30 13:47:13.590 WARN Catched error when renaming destination user but message is not jSON! Exception:
The remote server returned an error: (400) Bad Request.
2023-08-30 13:47:13.594 WARN Failed changing username of chc to casper.christensen@knowit.dk! API returned  as username.
2023-08-30 13:47:13.648 WARN Catched error when checking existence of destination user but message is not jSON! Exception: The response content cannot be parsed because the Internet Explorer engine is not available, or Internet Explorer's first-launch configuration is not complete. Specify the UseBasicParsing parameter and try again. 
2023-08-30 13:47:13.711 WARN Catched error when renaming destination user but message is not jSON! Exception:
The remote server returned an error: (400) Bad Request.
2023-08-30 13:47:13.752 WARN Catched error when checking existence of destination user but message is not jSON! Exception: The response content cannot be parsed because the Internet Explorer engine is not available, or Internet Explorer's first-launch configuration is not complete. Specify the UseBasicParsing parameter and try again. 
2023-08-30 13:47:13.798 WARN Catched error when renaming destination user but message is not jSON! Exception:
The remote server returned an error: (400) Bad Request.
2023-08-30 13:47:13.829 WARN Catched error when checking existence of destination user but message is not jSON! Exception: The response content cannot be parsed because the Internet Explorer engine is not available, or Internet Explorer's first-launch configuration is not complete. Specify the UseBasicParsing parameter and try again. 
2023-08-30 13:47:13.876 WARN Catched error when renaming destination user but message is not jSON! Exception:
The remote server returned an error: (400) Bad Request.
2023-08-30 13:47:13.906 WARN Catched error when checking existence of destination user but message is not jSON! Exception: The response content cannot be parsed because the Internet Explorer engine is not available, or Internet Explorer's first-launch configuration is not complete. Specify the UseBasicParsing parameter and try again. 
2023-08-30 13:47:13.956 WARN Catched error when renaming destination user but message is not jSON! Exception:
The remote server returned an error: (400) Bad Request.
2023-08-30 13:47:13.960 WARN Failed changing overlapping username 'casper.christensen@knowit.dk to 'overlap-_-casper.christensen@knowit.dk' after 4 tries!
2023-08-30 13:47:14.032 WARN Catched error when renaming destination user but message is not jSON! Exception:
The remote server returned an error: (400) Bad Request.
2023-08-30 13:47:14.087 WARN Failed changing username of chc to casper.christensen@knowit.dk! API returned  as username.
2023-08-30 13:47:14.159 WARN Catched error when checking existence of destination user but message is not jSON! Exception: The response content cannot be parsed because the Internet Explorer engine is not available, or Internet Explorer's first-launch configuration is not complete. Specify the UseBasicParsing parameter and try again. 
2023-08-30 13:47:14.236 WARN Catched error when renaming destination user but message is not jSON! Exception:
The remote server returned an error: (400) Bad Request.
2023-08-30 13:47:14.271 WARN Catched error when checking existence of destination user but message is not jSON! Exception: The response content cannot be parsed because the Internet Explorer engine is not available, or Internet Explorer's first-launch configuration is not complete. Specify the UseBasicParsing parameter and try again. 
2023-08-30 13:47:14.315 WARN Catched error when renaming destination user but message is not jSON! Exception:
The remote server returned an error: (400) Bad Request.
2023-08-30 13:47:14.346 WARN Catched error when checking existence of destination user but message is not jSON! Exception: The response content cannot be parsed because the Internet Explorer engine is not available, or Internet Explorer's first-launch configuration is not complete. Specify the UseBasicParsing parameter and try again. 
2023-08-30 13:47:14.392 WARN Catched error when renaming destination user but message is not jSON! Exception:
The remote server returned an error: (400) Bad Request.
2023-08-30 13:47:14.421 WARN Catched error when checking existence of destination user but message is not jSON! Exception: The response content cannot be parsed because the Internet Explorer engine is not available, or Internet Explorer's first-launch configuration is not complete. Specify the UseBasicParsing parameter and try again. 
2023-08-30 13:50:18.665 INFO declarations - log is C:\PS\Scripts\Atlassian\On-Prem\RenameUsernamesFromNewADUPN.log
2023-08-30 13:50:18.668 INFO Starting Script, 1.0
2023-08-30 13:50:18.672 INFO Collect samAccountName and Mail from Old Active Directory (AD)
2023-08-30 13:50:18.675 INFO running test-path on C:\Users\caspe\Downloads\users.csv
2023-08-30 13:50:18.680 INFO GetOldADUserObjects Completed Successfully.
2023-08-30 13:50:18.683 INFO  
2023-08-30 13:50:18.687 INFO Collect Azure user objects, based on samAccountName and mail from Old Active Directory (AD)
2023-08-30 13:50:18.863 INFO Collected Old Mail as aco@miracle.dk and Old samAccountName as aco, new UPN is 
2023-08-30 13:50:18.945 INFO Collected Old Mail as aos@miracle.dk and Old samAccountName as aos, new UPN is 
2023-08-30 13:50:19.023 INFO Collected Old Mail as ALP@miracle.dk and Old samAccountName as alp, new UPN is 
2023-08-30 13:50:19.107 INFO Collected Old Mail as alj@miracle.dk and Old samAccountName as ajo, new UPN is allan.jacobsen@knowit.dk
2023-08-30 13:50:19.114 INFO Now that all info has been collected, we will start the process of renaming Usernames and Email fields, to their new KNOWIT UPN
2023-08-30 13:50:19.175 WARN Failed changing username of ajo to allan.jacobsen@knowit.dk! API returned  as username.
2023-08-30 13:50:19.179 INFO ChangeUsernameAndEmail Completed Successfully.
2023-08-30 13:50:19.183 INFO  
2023-08-30 13:50:19.261 INFO Collected Old Mail as abi@miracle.dk and Old samAccountName as abi, new UPN is anders.billekop@knowit.dk
2023-08-30 13:50:19.265 INFO Now that all info has been collected, we will start the process of renaming Usernames and Email fields, to their new KNOWIT UPN
2023-08-30 13:50:19.323 WARN Failed changing username of abi to anders.billekop@knowit.dk! API returned  as username.
2023-08-30 13:50:19.327 INFO ChangeUsernameAndEmail Completed Successfully.
2023-08-30 13:50:19.330 INFO  
2023-08-30 13:50:19.416 INFO Collected Old Mail as abu@miracle.dk and Old samAccountName as abu, new UPN is anders.buron@knowit.dk
2023-08-30 13:50:19.419 INFO Now that all info has been collected, we will start the process of renaming Usernames and Email fields, to their new KNOWIT UPN
2023-08-30 13:50:19.473 WARN Failed changing username of abu to anders.buron@knowit.dk! API returned  as username.
2023-08-30 13:50:19.477 INFO ChangeUsernameAndEmail Completed Successfully.
2023-08-30 13:50:19.480 INFO  
2023-08-30 13:50:19.558 INFO Collected Old Mail as anders.koch@knowit.dk and Old samAccountName as ank, new UPN is anders.koch@knowit.dk
2023-08-30 13:50:19.562 INFO Now that all info has been collected, we will start the process of renaming Usernames and Email fields, to their new KNOWIT UPN
2023-08-30 13:50:19.618 WARN Failed changing username of ank to anders.koch@knowit.dk! API returned  as username.
2023-08-30 13:50:19.621 INFO ChangeUsernameAndEmail Completed Successfully.
2023-08-30 13:50:19.624 INFO  
2023-08-30 13:50:19.700 INFO Collected Old Mail as ast@miracle.dk and Old samAccountName as ast, new UPN is anders.staugaard@knowit.dk
2023-08-30 13:50:19.706 INFO Now that all info has been collected, we will start the process of renaming Usernames and Email fields, to their new KNOWIT UPN
2023-08-30 13:50:19.779 WARN Failed changing username of ast to anders.staugaard@knowit.dk! API returned  as username.
2023-08-30 13:50:19.786 INFO ChangeUsernameAndEmail Completed Successfully.
2023-08-30 13:50:19.790 INFO  
2023-08-30 13:50:19.877 INFO Collected Old Mail as abh@miracle.dk and Old samAccountName as abh, new UPN is andreas.holm@knowit.dk
2023-08-30 13:50:19.881 INFO Now that all info has been collected, we will start the process of renaming Usernames and Email fields, to their new KNOWIT UPN
2023-08-30 13:50:19.937 WARN Failed changing username of abh to andreas.holm@knowit.dk! API returned  as username.
2023-08-30 13:50:19.940 INFO ChangeUsernameAndEmail Completed Successfully.
2023-08-30 13:50:19.943 INFO  
2023-08-30 13:50:20.022 INFO Collected Old Mail as aja@miracle.dk and Old samAccountName as aja, new UPN is andreas-jens.axelsen@knowit.dk
2023-08-30 13:50:20.025 INFO Now that all info has been collected, we will start the process of renaming Usernames and Email fields, to their new KNOWIT UPN
2023-08-30 13:50:20.090 WARN Failed changing username of aja to andreas-jens.axelsen@knowit.dk! API returned  as username.
2023-08-30 13:50:20.094 INFO ChangeUsernameAndEmail Completed Successfully.
2023-08-30 13:50:20.098 INFO  
2023-08-30 13:50:20.177 INFO Collected Old Mail as ano@miracle.dk and Old samAccountName as ano, new UPN is 
2023-08-30 13:50:20.249 INFO Collected Old Mail as ams@miracle.dk and Old samAccountName as ams, new UPN is 
2023-08-30 13:50:20.329 INFO Collected Old Mail as agn@miracle.dk and Old samAccountName as agn, new UPN is arik.twena@knowit.dk
2023-08-30 13:50:20.333 INFO Now that all info has been collected, we will start the process of renaming Usernames and Email fields, to their new KNOWIT UPN
2023-08-30 13:50:20.409 WARN Failed changing username of agn to arik.twena@knowit.dk! API returned  as username.
2023-08-30 13:50:20.413 INFO ChangeUsernameAndEmail Completed Successfully.
2023-08-30 13:50:20.416 INFO  
2023-08-30 13:50:20.552 INFO Collected Old Mail as bmm@miracle.dk and Old samAccountName as bmm, new UPN is benny.milt-mikkelsen@knowit.dk
2023-08-30 13:50:20.555 INFO Now that all info has been collected, we will start the process of renaming Usernames and Email fields, to their new KNOWIT UPN
2023-08-30 13:50:20.613 WARN Failed changing username of bmm to benny.milt-mikkelsen@knowit.dk! API returned  as username.
2023-08-30 13:50:20.616 INFO ChangeUsernameAndEmail Completed Successfully.
2023-08-30 13:50:20.619 INFO  
2023-08-30 13:50:20.708 INFO Collected Old Mail as bba@miracle.dk and Old samAccountName as bba, new UPN is birgit.bang@knowit.dk
2023-08-30 13:50:20.712 INFO Now that all info has been collected, we will start the process of renaming Usernames and Email fields, to their new KNOWIT UPN
2023-08-30 13:50:20.770 WARN Failed changing username of bba to birgit.bang@knowit.dk! API returned  as username.
2023-08-30 13:50:20.774 INFO ChangeUsernameAndEmail Completed Successfully.
2023-08-30 13:50:20.778 INFO  
2023-08-30 13:50:20.866 INFO Collected Old Mail as bde@miracle.dk and Old samAccountName as bde, new UPN is bo.dencker@knowit.dk
2023-08-30 13:50:20.870 INFO Now that all info has been collected, we will start the process of renaming Usernames and Email fields, to their new KNOWIT UPN
2023-08-30 13:50:20.925 WARN Failed changing username of bde to bo.dencker@knowit.dk! API returned  as username.
2023-08-30 13:50:20.929 INFO ChangeUsernameAndEmail Completed Successfully.
2023-08-30 13:50:20.933 INFO  
2023-08-30 13:50:21.007 INFO Collected Old Mail as bfa@miracle.dk and Old samAccountName as bfa, new UPN is bo.falberg@knowit.dk
2023-08-30 13:50:21.011 INFO Now that all info has been collected, we will start the process of renaming Usernames and Email fields, to their new KNOWIT UPN
2023-08-30 13:50:21.068 WARN Failed changing username of bfa to bo.falberg@knowit.dk! API returned  as username.
2023-08-30 13:50:21.072 INFO ChangeUsernameAndEmail Completed Successfully.
2023-08-30 13:50:21.075 INFO  
2023-08-30 13:50:21.153 INFO Collected Old Mail as bfe@miracle.dk and Old samAccountName as bfe, new UPN is 
2023-08-30 13:50:21.229 INFO Collected Old Mail as bbj@miracle.dk and Old samAccountName as bbj, new UPN is brian.bek-jensen@knowit.dk
2023-08-30 13:50:21.233 INFO Now that all info has been collected, we will start the process of renaming Usernames and Email fields, to their new KNOWIT UPN
2023-08-30 13:50:21.291 WARN Failed changing username of bbj to brian.bek-jensen@knowit.dk! API returned  as username.
2023-08-30 13:50:21.294 INFO ChangeUsernameAndEmail Completed Successfully.
2023-08-30 13:50:21.298 INFO  
2023-08-30 13:50:21.376 INFO Collected Old Mail as bhh@miracle.dk and Old samAccountName as bhh, new UPN is brian.hauge-hansen@knowit.dk
2023-08-30 13:50:21.402 INFO Now that all info has been collected, we will start the process of renaming Usernames and Email fields, to their new KNOWIT UPN
2023-08-30 13:50:21.456 WARN Failed changing username of bhh to brian.hauge-hansen@knowit.dk! API returned  as username.
2023-08-30 13:50:21.459 INFO ChangeUsernameAndEmail Completed Successfully.
2023-08-30 13:50:21.463 INFO  
2023-08-30 13:50:21.543 INFO Collected Old Mail as cbj@miracle.dk and Old samAccountName as cbj, new UPN is camilla.jepsen@knowit.dk
2023-08-30 13:50:21.547 INFO Now that all info has been collected, we will start the process of renaming Usernames and Email fields, to their new KNOWIT UPN
2023-08-30 13:50:21.599 WARN Failed changing username of cbj to camilla.jepsen@knowit.dk! API returned  as username.
2023-08-30 13:50:21.603 INFO ChangeUsernameAndEmail Completed Successfully.
2023-08-30 13:50:21.607 INFO  
2023-08-30 13:50:21.705 INFO Collected Old Mail as chc@miracle.dk and Old samAccountName as chc, new UPN is casper.christensen@knowit.dk
2023-08-30 13:50:21.709 INFO Now that all info has been collected, we will start the process of renaming Usernames and Email fields, to their new KNOWIT UPN
2023-08-30 13:50:21.765 WARN Failed changing username of chc to casper.christensen@knowit.dk! API returned  as username.
2023-08-30 13:50:21.769 INFO ChangeUsernameAndEmail Completed Successfully.
2023-08-30 13:50:21.772 INFO  
2023-08-30 13:50:21.856 INFO Collected Old Mail as cya@miracle.dk and Old samAccountName as CYA, new UPN is christopher.yau@knowit.dk
2023-08-30 13:50:21.860 INFO Now that all info has been collected, we will start the process of renaming Usernames and Email fields, to their new KNOWIT UPN
2023-08-30 13:50:21.917 WARN Failed changing username of CYA to christopher.yau@knowit.dk! API returned  as username.
2023-08-30 13:50:21.922 INFO ChangeUsernameAndEmail Completed Successfully.
2023-08-30 13:50:21.926 INFO  
2023-08-30 13:50:22.004 INFO Collected Old Mail as cop@miracle.dk and Old samAccountName as cop, new UPN is claus.pedersen@knowit.dk
2023-08-30 13:50:22.007 INFO Now that all info has been collected, we will start the process of renaming Usernames and Email fields, to their new KNOWIT UPN
2023-08-30 13:50:22.064 WARN Failed changing username of cop to claus.pedersen@knowit.dk! API returned  as username.
2023-08-30 13:50:22.067 INFO ChangeUsernameAndEmail Completed Successfully.
2023-08-30 13:50:22.071 INFO  
2023-08-30 13:50:22.163 INFO Collected Old Mail as cls@miracle.dk and Old samAccountName as cls, new UPN is claus.sorensen@knowit.dk
2023-08-30 13:50:22.167 INFO Now that all info has been collected, we will start the process of renaming Usernames and Email fields, to their new KNOWIT UPN
2023-08-30 13:50:22.223 WARN Failed changing username of cls to claus.sorensen@knowit.dk! API returned  as username.
2023-08-30 13:50:22.226 INFO ChangeUsernameAndEmail Completed Successfully.
2023-08-30 13:50:22.231 INFO  
2023-08-30 13:50:22.316 INFO Collected Old Mail as dbh@miracle.dk and Old samAccountName as dbh, new UPN is dennis.bohnstedt@knowit.dk
2023-08-30 13:50:22.320 INFO Now that all info has been collected, we will start the process of renaming Usernames and Email fields, to their new KNOWIT UPN
2023-08-30 13:50:22.381 WARN Failed changing username of dbh to dennis.bohnstedt@knowit.dk! API returned  as username.
2023-08-30 13:50:22.385 INFO ChangeUsernameAndEmail Completed Successfully.
2023-08-30 13:50:22.389 INFO  
2023-08-30 13:50:22.491 INFO Collected Old Mail as dfj@miracle.dk and Old samAccountName as dfj, new UPN is dennis.jorgensen@knowit.dk
2023-08-30 13:50:22.495 INFO Now that all info has been collected, we will start the process of renaming Usernames and Email fields, to their new KNOWIT UPN
2023-08-30 13:50:22.551 WARN Failed changing username of dfj to dennis.jorgensen@knowit.dk! API returned  as username.
2023-08-30 13:50:22.555 INFO ChangeUsernameAndEmail Completed Successfully.
2023-08-30 13:50:22.558 INFO  
2023-08-30 13:50:22.641 INFO Collected Old Mail as dmo@miracle.dk and Old samAccountName as dmo, new UPN is diana.olivares@knowit.dk
2023-08-30 13:50:22.645 INFO Now that all info has been collected, we will start the process of renaming Usernames and Email fields, to their new KNOWIT UPN
2023-08-30 13:50:22.698 WARN Failed changing username of dmo to diana.olivares@knowit.dk! API returned  as username.
2023-08-30 13:50:22.701 INFO ChangeUsernameAndEmail Completed Successfully.
2023-08-30 13:50:22.704 INFO  
2023-08-30 13:50:22.784 INFO Collected Old Mail as dbr@miracle.dk and Old samAccountName as dbr, new UPN is dorthe.bramming@knowit.dk
2023-08-30 13:50:22.787 INFO Now that all info has been collected, we will start the process of renaming Usernames and Email fields, to their new KNOWIT UPN
2023-08-30 13:50:22.842 WARN Failed changing username of dbr to dorthe.bramming@knowit.dk! API returned  as username.
2023-08-30 13:50:22.846 INFO ChangeUsernameAndEmail Completed Successfully.
2023-08-30 13:50:22.849 INFO  
2023-08-30 13:50:22.928 INFO Collected Old Mail as egj@miracle.dk and Old samAccountName as egj, new UPN is 
2023-08-30 13:50:23.110 INFO Collected Old Mail as eha@miracle.dk and Old samAccountName as eha, new UPN is emil.haugaard@knowit.dk
2023-08-30 13:50:23.114 INFO Now that all info has been collected, we will start the process of renaming Usernames and Email fields, to their new KNOWIT UPN
2023-08-30 13:50:23.171 WARN Failed changing username of eha to emil.haugaard@knowit.dk! API returned  as username.
2023-08-30 13:50:23.174 INFO ChangeUsernameAndEmail Completed Successfully.
2023-08-30 13:50:23.178 INFO  
2023-08-30 13:50:23.258 INFO Collected Old Mail as ekk@miracle.dk and Old samAccountName as ekk, new UPN is erik.kongsted-knudsen@knowit.dk
2023-08-30 13:50:23.263 INFO Now that all info has been collected, we will start the process of renaming Usernames and Email fields, to their new KNOWIT UPN
2023-08-30 13:50:23.322 WARN Failed changing username of ekk to erik.kongsted-knudsen@knowit.dk! API returned  as username.
2023-08-30 13:50:23.325 INFO ChangeUsernameAndEmail Completed Successfully.
2023-08-30 13:50:23.328 INFO  
2023-08-30 13:50:23.407 INFO Collected Old Mail as eas@miracle.dk and Old samAccountName as eas, new UPN is eva.aas-sondergaard@knowit.dk
2023-08-30 13:50:23.410 INFO Now that all info has been collected, we will start the process of renaming Usernames and Email fields, to their new KNOWIT UPN
2023-08-30 13:50:23.464 WARN Failed changing username of eas to eva.aas-sondergaard@knowit.dk! API returned  as username.
2023-08-30 13:50:23.468 INFO ChangeUsernameAndEmail Completed Successfully.
2023-08-30 13:50:23.471 INFO  
2023-08-30 13:50:23.550 INFO Collected Old Mail as ffh@miracle.dk and Old samAccountName as ffh, new UPN is finn.hassing@knowit.dk
2023-08-30 13:50:23.553 INFO Now that all info has been collected, we will start the process of renaming Usernames and Email fields, to their new KNOWIT UPN
2023-08-30 13:50:23.606 WARN Failed changing username of ffh to finn.hassing@knowit.dk! API returned  as username.
2023-08-30 13:50:23.609 INFO ChangeUsernameAndEmail Completed Successfully.
2023-08-30 13:50:23.613 INFO  
2023-08-30 13:50:23.699 INFO Collected Old Mail as fln@miracle.dk and Old samAccountName as fln, new UPN is flemming.nielsen@knowit.dk
2023-08-30 13:50:23.703 INFO Now that all info has been collected, we will start the process of renaming Usernames and Email fields, to their new KNOWIT UPN
2023-08-30 13:50:23.762 WARN Failed changing username of fln to flemming.nielsen@knowit.dk! API returned  as username.
2023-08-30 13:50:23.765 INFO ChangeUsernameAndEmail Completed Successfully.
2023-08-30 13:50:23.769 INFO  
2023-08-30 13:50:23.856 INFO Collected Old Mail as fcl@miracle.dk and Old samAccountName as fcl, new UPN is 
2023-08-30 13:50:23.938 INFO Collected Old Mail as fpn@miracle.dk and Old samAccountName as fpn, new UPN is frederik.pontoppidan@knowit.dk
2023-08-30 13:50:23.941 INFO Now that all info has been collected, we will start the process of renaming Usernames and Email fields, to their new KNOWIT UPN
2023-08-30 13:50:23.995 WARN Failed changing username of fpn to frederik.pontoppidan@knowit.dk! API returned  as username.
2023-08-30 13:50:23.999 INFO ChangeUsernameAndEmail Completed Successfully.
2023-08-30 13:50:24.002 INFO  
2023-08-30 13:50:24.124 INFO Collected Old Mail as fbl@miracle.dk and Old samAccountName as fbl, new UPN is freja.blidegaard@knowit.dk
2023-08-30 13:50:24.128 INFO Now that all info has been collected, we will start the process of renaming Usernames and Email fields, to their new KNOWIT UPN
2023-08-30 13:50:24.184 WARN Failed changing username of fbl to freja.blidegaard@knowit.dk! API returned  as username.
2023-08-30 13:50:24.187 INFO ChangeUsernameAndEmail Completed Successfully.
2023-08-30 13:50:24.190 INFO  
2023-08-30 13:50:24.290 INFO Collected Old Mail as gen@miracle.dk and Old samAccountName as gen, new UPN is gert.nygaard@knowit.dk
2023-08-30 13:50:24.294 INFO Now that all info has been collected, we will start the process of renaming Usernames and Email fields, to their new KNOWIT UPN
2023-08-30 13:50:24.348 WARN Failed changing username of gen to gert.nygaard@knowit.dk! API returned  as username.
2023-08-30 13:50:24.351 INFO ChangeUsernameAndEmail Completed Successfully.
2023-08-30 13:50:24.354 INFO  
2023-08-30 13:50:24.436 INFO Collected Old Mail as gis@miracle.dk and Old samAccountName as gis, new UPN is gerth.isaksen@knowit.dk
2023-08-30 13:50:24.440 INFO Now that all info has been collected, we will start the process of renaming Usernames and Email fields, to their new KNOWIT UPN
2023-08-30 13:50:24.494 WARN Failed changing username of gis to gerth.isaksen@knowit.dk! API returned  as username.
2023-08-30 13:50:24.498 INFO ChangeUsernameAndEmail Completed Successfully.
2023-08-30 13:50:24.501 INFO  
2023-08-30 13:50:24.574 INFO Collected Old Mail as gtr@miracle.dk and Old samAccountName as gtr, new UPN is gitte.rasmussen@knowit.dk
2023-08-30 13:50:24.578 INFO Now that all info has been collected, we will start the process of renaming Usernames and Email fields, to their new KNOWIT UPN
2023-08-30 13:50:24.656 WARN Failed changing username of gtr to gitte.rasmussen@knowit.dk! API returned  as username.
2023-08-30 13:50:24.663 INFO ChangeUsernameAndEmail Completed Successfully.
2023-08-30 13:50:24.673 INFO  
2023-08-30 13:50:24.763 INFO Collected Old Mail as hhr@miracle.dk and Old samAccountName as hhr, new UPN is hordur.hreinsson@knowit.dk
2023-08-30 13:50:24.767 INFO Now that all info has been collected, we will start the process of renaming Usernames and Email fields, to their new KNOWIT UPN
2023-08-30 13:50:24.837 WARN Failed changing username of hhr to hordur.hreinsson@knowit.dk! API returned  as username.
2023-08-30 13:50:24.840 INFO ChangeUsernameAndEmail Completed Successfully.
2023-08-30 13:50:24.846 INFO  
2023-08-30 13:50:24.925 INFO Collected Old Mail as hgk@miracle.dk and Old samAccountName as hgk, new UPN is hans.guldager@knowit.dk
2023-08-30 13:50:24.945 INFO Now that all info has been collected, we will start the process of renaming Usernames and Email fields, to their new KNOWIT UPN
2023-08-30 13:50:25.048 WARN Failed changing username of hgk to hans.guldager@knowit.dk! API returned  as username.
2023-08-30 13:50:25.052 INFO ChangeUsernameAndEmail Completed Successfully.
2023-08-30 13:50:25.056 INFO  
2023-08-30 13:50:25.139 INFO Collected Old Mail as hwf@miracle.dk and Old samAccountName as hwf, new UPN is hans-william.falck@knowit.dk
2023-08-30 13:50:25.149 INFO Now that all info has been collected, we will start the process of renaming Usernames and Email fields, to their new KNOWIT UPN
2023-08-30 13:50:25.248 WARN Failed changing username of hwf to hans-william.falck@knowit.dk! API returned  as username.
2023-08-30 13:50:25.252 INFO ChangeUsernameAndEmail Completed Successfully.
2023-08-30 13:50:25.257 INFO  
2023-08-30 13:50:25.447 INFO Collected Old Mail as heb@miracle.dk and Old samAccountName as heb, new UPN is helle.berner@knowit.dk
2023-08-30 13:50:25.451 INFO Now that all info has been collected, we will start the process of renaming Usernames and Email fields, to their new KNOWIT UPN
2023-08-30 13:50:25.512 WARN Failed changing username of heb to helle.berner@knowit.dk! API returned  as username.
2023-08-30 13:50:25.516 INFO ChangeUsernameAndEmail Completed Successfully.
2023-08-30 13:50:25.519 INFO  
2023-08-30 13:50:25.626 INFO Collected Old Mail as hhl@miracle.dk and Old samAccountName as hhl, new UPN is helle.hyllested@knowit.dk
2023-08-30 13:50:25.630 INFO Now that all info has been collected, we will start the process of renaming Usernames and Email fields, to their new KNOWIT UPN
2023-08-30 13:50:25.683 WARN Failed changing username of hhl to helle.hyllested@knowit.dk! API returned  as username.
2023-08-30 13:50:25.687 INFO ChangeUsernameAndEmail Completed Successfully.
2023-08-30 13:50:25.690 INFO  
2023-08-30 13:50:25.764 INFO Collected Old Mail as hla@miracle.dk and Old samAccountName as hla, new UPN is henny.lauritsen@knowit.dk
2023-08-30 13:50:25.769 INFO Now that all info has been collected, we will start the process of renaming Usernames and Email fields, to their new KNOWIT UPN
2023-08-30 13:50:25.822 WARN Failed changing username of hla to henny.lauritsen@knowit.dk! API returned  as username.
2023-08-30 13:50:25.825 INFO ChangeUsernameAndEmail Completed Successfully.
2023-08-30 13:50:25.830 INFO  
2023-08-30 13:50:25.913 INFO Collected Old Mail as hly@miracle.dk and Old samAccountName as hly, new UPN is henrik.lykkeberg@knowit.dk
2023-08-30 13:50:25.916 INFO Now that all info has been collected, we will start the process of renaming Usernames and Email fields, to their new KNOWIT UPN
2023-08-30 13:50:25.971 WARN Failed changing username of hly to henrik.lykkeberg@knowit.dk! API returned  as username.
2023-08-30 13:50:25.975 INFO ChangeUsernameAndEmail Completed Successfully.
2023-08-30 13:50:25.978 INFO  
2023-08-30 13:50:26.161 INFO Collected Old Mail as hhk@miracle.dk and Old samAccountName as hhk, new UPN is hessam.klattrup@knowit.dk
2023-08-30 13:50:26.165 INFO Now that all info has been collected, we will start the process of renaming Usernames and Email fields, to their new KNOWIT UPN
2023-08-30 13:50:26.219 WARN Failed changing username of hhk to hessam.klattrup@knowit.dk! API returned  as username.
2023-08-30 13:50:26.222 INFO ChangeUsernameAndEmail Completed Successfully.
2023-08-30 13:50:26.226 INFO  
2023-08-30 13:50:26.305 INFO Collected Old Mail as IOV@miracle.dk and Old samAccountName as iov, new UPN is 
2023-08-30 13:50:26.391 INFO Collected Old Mail as jnl@miracle.dk and Old samAccountName as jnl, new UPN is jacob.nissen-lauritzen@knowit.dk
2023-08-30 13:50:26.395 INFO Now that all info has been collected, we will start the process of renaming Usernames and Email fields, to their new KNOWIT UPN
2023-08-30 13:50:26.458 WARN Failed changing username of jnl to jacob.nissen-lauritzen@knowit.dk! API returned  as username.
2023-08-30 13:50:26.464 INFO ChangeUsernameAndEmail Completed Successfully.
2023-08-30 13:50:26.468 INFO  
2023-08-30 13:50:26.544 INFO Collected Old Mail as jho@miracle.dk and Old samAccountName as jho, new UPN is jakob.holst@knowit.dk
2023-08-30 13:50:26.548 INFO Now that all info has been collected, we will start the process of renaming Usernames and Email fields, to their new KNOWIT UPN
2023-08-30 13:50:26.603 WARN Failed changing username of jho to jakob.holst@knowit.dk! API returned  as username.
2023-08-30 13:50:26.607 INFO ChangeUsernameAndEmail Completed Successfully.
2023-08-30 13:50:26.611 INFO  
2023-08-30 13:50:26.692 INFO Collected Old Mail as jsk@miracle.dk and Old samAccountName as jsk, new UPN is jan.skelbaek@knowit.dk
2023-08-30 13:50:26.695 INFO Now that all info has been collected, we will start the process of renaming Usernames and Email fields, to their new KNOWIT UPN
2023-08-30 13:50:26.751 WARN Failed changing username of jsk to jan.skelbaek@knowit.dk! API returned  as username.
2023-08-30 13:50:26.755 INFO ChangeUsernameAndEmail Completed Successfully.
2023-08-30 13:50:26.758 INFO  
2023-08-30 13:50:26.840 INFO Collected Old Mail as jwi@miracle.dk and Old samAccountName as jwi, new UPN is jan.wigh@knowit.dk
2023-08-30 13:50:26.843 INFO Now that all info has been collected, we will start the process of renaming Usernames and Email fields, to their new KNOWIT UPN
2023-08-30 13:50:26.896 WARN Failed changing username of jwi to jan.wigh@knowit.dk! API returned  as username.
2023-08-30 13:50:26.900 INFO ChangeUsernameAndEmail Completed Successfully.
2023-08-30 13:50:26.903 INFO  
2023-08-30 13:50:27.010 INFO Collected Old Mail as jbh@miracle.dk and Old samAccountName as JBH, new UPN is jens.boye-hansen@knowit.dk
2023-08-30 13:50:27.014 INFO Now that all info has been collected, we will start the process of renaming Usernames and Email fields, to their new KNOWIT UPN
2023-08-30 13:50:27.068 WARN Failed changing username of JBH to jens.boye-hansen@knowit.dk! API returned  as username.
2023-08-30 13:50:27.072 INFO ChangeUsernameAndEmail Completed Successfully.
2023-08-30 13:50:27.075 INFO  
2023-08-30 13:50:27.151 INFO Collected Old Mail as jhc@miracle.dk and Old samAccountName as jhc, new UPN is jesper.heiberg-christensen@knowit.dk
2023-08-30 13:50:27.155 INFO Now that all info has been collected, we will start the process of renaming Usernames and Email fields, to their new KNOWIT UPN
2023-08-30 13:50:27.210 WARN Failed changing username of jhc to jesper.heiberg-christensen@knowit.dk! API returned  as username.
2023-08-30 13:50:27.214 INFO ChangeUsernameAndEmail Completed Successfully.
2023-08-30 13:50:27.218 INFO  
2023-08-30 13:50:27.312 INFO Collected Old Mail as jmy@miracle.dk and Old samAccountName as jmy, new UPN is jesper.mygind@knowit.dk
2023-08-30 13:50:27.316 INFO Now that all info has been collected, we will start the process of renaming Usernames and Email fields, to their new KNOWIT UPN
2023-08-30 13:50:27.370 WARN Failed changing username of jmy to jesper.mygind@knowit.dk! API returned  as username.
2023-08-30 13:50:27.374 INFO ChangeUsernameAndEmail Completed Successfully.
2023-08-30 13:50:27.377 INFO  
2023-08-30 13:50:27.460 INFO Collected Old Mail as jsa@miracle.dk and Old samAccountName as jsa, new UPN is john.smed-andersen@knowit.dk
2023-08-30 13:50:27.464 INFO Now that all info has been collected, we will start the process of renaming Usernames and Email fields, to their new KNOWIT UPN
2023-08-30 13:50:27.517 WARN Failed changing username of jsa to john.smed-andersen@knowit.dk! API returned  as username.
2023-08-30 13:50:27.521 INFO ChangeUsernameAndEmail Completed Successfully.
2023-08-30 13:50:27.524 INFO  
2023-08-30 13:50:27.602 INFO Collected Old Mail as jol@miracle.dk and Old samAccountName as jol, new UPN is jonas.lauritsen@knowit.dk
2023-08-30 13:50:27.606 INFO Now that all info has been collected, we will start the process of renaming Usernames and Email fields, to their new KNOWIT UPN
2023-08-30 13:50:27.658 WARN Failed changing username of jol to jonas.lauritsen@knowit.dk! API returned  as username.
2023-08-30 13:50:27.662 INFO ChangeUsernameAndEmail Completed Successfully.
2023-08-30 13:50:27.665 INFO  
2023-08-30 13:50:27.743 INFO Collected Old Mail as jhe@miracle.dk and Old samAccountName as jhe, new UPN is jonas.lindberg-henriksen@knowit.dk
2023-08-30 13:50:27.747 INFO Now that all info has been collected, we will start the process of renaming Usernames and Email fields, to their new KNOWIT UPN
2023-08-30 13:50:27.802 WARN Failed changing username of jhe to jonas.lindberg-henriksen@knowit.dk! API returned  as username.
2023-08-30 13:50:27.806 INFO ChangeUsernameAndEmail Completed Successfully.
2023-08-30 13:50:27.809 INFO  
2023-08-30 13:50:27.894 INFO Collected Old Mail as kms@miracle.dk and Old samAccountName as kms, new UPN is karen.sorensen@knowit.dk
2023-08-30 13:50:27.898 INFO Now that all info has been collected, we will start the process of renaming Usernames and Email fields, to their new KNOWIT UPN
2023-08-30 13:50:27.953 WARN Failed changing username of kms to karen.sorensen@knowit.dk! API returned  as username.
2023-08-30 13:50:27.956 INFO ChangeUsernameAndEmail Completed Successfully.
2023-08-30 13:50:27.960 INFO  
2023-08-30 13:50:28.038 INFO Collected Old Mail as kwr@miracle.dk and Old samAccountName as kwr, new UPN is karin.wrede@knowit.dk
2023-08-30 13:50:28.041 INFO Now that all info has been collected, we will start the process of renaming Usernames and Email fields, to their new KNOWIT UPN
2023-08-30 13:50:28.092 WARN Failed changing username of kwr to karin.wrede@knowit.dk! API returned  as username.
2023-08-30 13:50:28.098 INFO ChangeUsernameAndEmail Completed Successfully.
2023-08-30 13:50:28.101 INFO  
2023-08-30 13:50:28.177 INFO Collected Old Mail as karsten.wagner@knowit.dk and Old samAccountName as kaw, new UPN is karsten.wagner@knowit.dk
2023-08-30 13:50:28.181 INFO Now that all info has been collected, we will start the process of renaming Usernames and Email fields, to their new KNOWIT UPN
2023-08-30 13:50:28.234 WARN Failed changing username of kaw to karsten.wagner@knowit.dk! API returned  as username.
2023-08-30 13:50:28.237 INFO ChangeUsernameAndEmail Completed Successfully.
2023-08-30 13:50:28.240 INFO  
2023-08-30 13:50:28.318 INFO Collected Old Mail as kka@miracle.dk and Old samAccountName as kka, new UPN is kasper.andersen@knowit.dk
2023-08-30 13:50:28.322 INFO Now that all info has been collected, we will start the process of renaming Usernames and Email fields, to their new KNOWIT UPN
2023-08-30 13:50:28.375 WARN Failed changing username of kka to kasper.andersen@knowit.dk! API returned  as username.
2023-08-30 13:50:28.379 INFO ChangeUsernameAndEmail Completed Successfully.
2023-08-30 13:50:28.382 INFO  
2023-08-30 13:50:28.482 INFO Collected Old Mail as kim.ipsen@knowit.dk and Old samAccountName as kip, new UPN is kim.ipsen@knowit.dk
2023-08-30 13:50:28.486 INFO Now that all info has been collected, we will start the process of renaming Usernames and Email fields, to their new KNOWIT UPN
2023-08-30 13:50:28.539 WARN Failed changing username of kip to kim.ipsen@knowit.dk! API returned  as username.
2023-08-30 13:50:28.542 INFO ChangeUsernameAndEmail Completed Successfully.
2023-08-30 13:50:28.546 INFO  
2023-08-30 13:50:28.630 INFO Collected Old Mail as kjo@miracle.dk and Old samAccountName as kjo, new UPN is kirsten.johnk@knowit.dk
2023-08-30 13:50:28.634 INFO Now that all info has been collected, we will start the process of renaming Usernames and Email fields, to their new KNOWIT UPN
2023-08-30 13:50:28.689 WARN Failed changing username of kjo to kirsten.johnk@knowit.dk! API returned  as username.
2023-08-30 13:50:28.693 INFO ChangeUsernameAndEmail Completed Successfully.
2023-08-30 13:50:28.697 INFO  
2023-08-30 13:50:28.791 INFO Collected Old Mail as kbu@miracle.dk and Old samAccountName as kbu, new UPN is kristoffer.bundgaard@knowit.dk
2023-08-30 13:50:28.795 INFO Now that all info has been collected, we will start the process of renaming Usernames and Email fields, to their new KNOWIT UPN
2023-08-30 13:50:28.848 WARN Failed changing username of kbu to kristoffer.bundgaard@knowit.dk! API returned  as username.
2023-08-30 13:50:28.851 INFO ChangeUsernameAndEmail Completed Successfully.
2023-08-30 13:50:28.854 INFO  
2023-08-30 13:50:28.933 INFO Collected Old Mail as ksj@miracle.dk and Old samAccountName as ksj, new UPN is kristoffer.skude@knowit.dk
2023-08-30 13:50:28.936 INFO Now that all info has been collected, we will start the process of renaming Usernames and Email fields, to their new KNOWIT UPN
2023-08-30 13:50:28.990 WARN Failed changing username of ksj to kristoffer.skude@knowit.dk! API returned  as username.
2023-08-30 13:50:28.993 INFO ChangeUsernameAndEmail Completed Successfully.
2023-08-30 13:50:28.997 INFO  
2023-08-30 13:50:29.074 INFO Collected Old Mail as kst@miracle.dk and Old samAccountName as kst, new UPN is kristoffer.sterndorff@knowit.dk
2023-08-30 13:50:29.078 INFO Now that all info has been collected, we will start the process of renaming Usernames and Email fields, to their new KNOWIT UPN
2023-08-30 13:50:29.132 WARN Failed changing username of kst to kristoffer.sterndorff@knowit.dk! API returned  as username.
2023-08-30 13:50:29.136 INFO ChangeUsernameAndEmail Completed Successfully.
2023-08-30 13:50:29.139 INFO  
2023-08-30 13:50:29.219 INFO Collected Old Mail as llo@miracle.dk and Old samAccountName as llo, new UPN is lasse.lovdahl@knowit.dk
2023-08-30 13:50:29.223 INFO Now that all info has been collected, we will start the process of renaming Usernames and Email fields, to their new KNOWIT UPN
2023-08-30 13:50:29.278 WARN Failed changing username of llo to lasse.lovdahl@knowit.dk! API returned  as username.
2023-08-30 13:50:29.283 INFO ChangeUsernameAndEmail Completed Successfully.
2023-08-30 13:50:29.286 INFO  
2023-08-30 13:50:29.359 INFO Collected Old Mail as lucas.hemmingsen@knowit.dk and Old samAccountName as lhh, new UPN is lucas.hemmingsen@knowit.dk
2023-08-30 13:50:29.363 INFO Now that all info has been collected, we will start the process of renaming Usernames and Email fields, to their new KNOWIT UPN
2023-08-30 13:50:29.417 WARN Failed changing username of lhh to lucas.hemmingsen@knowit.dk! API returned  as username.
2023-08-30 13:50:29.421 INFO ChangeUsernameAndEmail Completed Successfully.
2023-08-30 13:50:29.424 INFO  
2023-08-30 13:50:29.513 INFO Collected Old Mail as mvn@miracle.dk and Old samAccountName as mvn, new UPN is manuela.vibholm@knowit.dk
2023-08-30 13:50:29.516 INFO Now that all info has been collected, we will start the process of renaming Usernames and Email fields, to their new KNOWIT UPN
2023-08-30 13:50:29.574 WARN Failed changing username of mvn to manuela.vibholm@knowit.dk! API returned  as username.
2023-08-30 13:50:29.580 INFO ChangeUsernameAndEmail Completed Successfully.
2023-08-30 13:50:29.583 INFO  
2023-08-30 13:50:29.661 INFO Collected Old Mail as mwo@miracle.dk and Old samAccountName as mwo, new UPN is margrethe.worsoe@knowit.dk
2023-08-30 13:50:29.665 INFO Now that all info has been collected, we will start the process of renaming Usernames and Email fields, to their new KNOWIT UPN
2023-08-30 13:50:29.718 WARN Failed changing username of mwo to margrethe.worsoe@knowit.dk! API returned  as username.
2023-08-30 13:50:29.721 INFO ChangeUsernameAndEmail Completed Successfully.
2023-08-30 13:50:29.724 INFO  
2023-08-30 13:50:29.832 INFO Collected Old Mail as mbe@miracle.dk and Old samAccountName as mbe, new UPN is mark.berthelsen@knowit.dk
2023-08-30 13:50:29.836 INFO Now that all info has been collected, we will start the process of renaming Usernames and Email fields, to their new KNOWIT UPN
2023-08-30 13:50:29.888 WARN Failed changing username of mbe to mark.berthelsen@knowit.dk! API returned  as username.
2023-08-30 13:50:29.891 INFO ChangeUsernameAndEmail Completed Successfully.
2023-08-30 13:50:29.895 INFO  
2023-08-30 13:50:29.971 INFO Collected Old Mail as mag@miracle.dk and Old samAccountName as mag, new UPN is markus.agnsgaard@knowit.dk
2023-08-30 13:50:29.975 INFO Now that all info has been collected, we will start the process of renaming Usernames and Email fields, to their new KNOWIT UPN
2023-08-30 13:50:30.027 WARN Failed changing username of mag to markus.agnsgaard@knowit.dk! API returned  as username.
2023-08-30 13:50:30.031 INFO ChangeUsernameAndEmail Completed Successfully.
2023-08-30 13:50:30.035 INFO  
2023-08-30 13:50:30.120 INFO Collected Old Mail as mbb@miracle.dk and Old samAccountName as mbb, new UPN is martin.baehrenz@knowit.dk
2023-08-30 13:50:30.124 INFO Now that all info has been collected, we will start the process of renaming Usernames and Email fields, to their new KNOWIT UPN
2023-08-30 13:50:30.178 WARN Failed changing username of mbb to martin.baehrenz@knowit.dk! API returned  as username.
2023-08-30 13:50:30.182 INFO ChangeUsernameAndEmail Completed Successfully.
2023-08-30 13:50:30.186 INFO  
2023-08-30 13:50:30.268 INFO Collected Old Mail as mje@miracle.dk and Old samAccountName as mje, new UPN is martin.jeppesen@knowit.dk
2023-08-30 13:50:30.272 INFO Now that all info has been collected, we will start the process of renaming Usernames and Email fields, to their new KNOWIT UPN
2023-08-30 13:50:30.327 WARN Failed changing username of mje to martin.jeppesen@knowit.dk! API returned  as username.
2023-08-30 13:50:30.333 INFO ChangeUsernameAndEmail Completed Successfully.
2023-08-30 13:50:30.338 INFO  
2023-08-30 13:50:30.429 INFO Collected Old Mail as mju@miracle.dk and Old samAccountName as mju, new UPN is martin.juhl@knowit.dk
2023-08-30 13:50:30.432 INFO Now that all info has been collected, we will start the process of renaming Usernames and Email fields, to their new KNOWIT UPN
2023-08-30 13:50:30.492 WARN Failed changing username of mju to martin.juhl@knowit.dk! API returned  as username.
2023-08-30 13:50:30.496 INFO ChangeUsernameAndEmail Completed Successfully.
2023-08-30 13:50:30.500 INFO  
2023-08-30 13:50:30.584 INFO Collected Old Mail as mth@miracle.dk and Old samAccountName as mth, new UPN is martin.thykier@knowit.dk
2023-08-30 13:50:30.589 INFO Now that all info has been collected, we will start the process of renaming Usernames and Email fields, to their new KNOWIT UPN
2023-08-30 13:50:30.652 WARN Failed changing username of mth to martin.thykier@knowit.dk! API returned  as username.
2023-08-30 13:50:30.655 INFO ChangeUsernameAndEmail Completed Successfully.
2023-08-30 13:50:30.659 INFO  
2023-08-30 13:50:30.733 INFO Collected Old Mail as mab@miracle.dk and Old samAccountName as mab, new UPN is 
2023-08-30 13:50:30.804 INFO Collected Old Mail as mal@miracle.dk and Old samAccountName as mal, new UPN is 
2023-08-30 13:50:30.882 INFO Collected Old Mail as mes@miracle.dk and Old samAccountName as mes, new UPN is megha.singh@knowit.dk
2023-08-30 13:50:30.885 INFO Now that all info has been collected, we will start the process of renaming Usernames and Email fields, to their new KNOWIT UPN
2023-08-30 13:50:30.938 WARN Failed changing username of mes to megha.singh@knowit.dk! API returned  as username.
2023-08-30 13:50:30.942 INFO ChangeUsernameAndEmail Completed Successfully.
2023-08-30 13:50:30.945 INFO  
2023-08-30 13:50:31.027 INFO Collected Old Mail as mto@miracle.dk and Old samAccountName as mto, new UPN is mia.tottrup@knowit.dk
2023-08-30 13:50:31.030 INFO Now that all info has been collected, we will start the process of renaming Usernames and Email fields, to their new KNOWIT UPN
2023-08-30 13:50:31.084 WARN Failed changing username of mto to mia.tottrup@knowit.dk! API returned  as username.
2023-08-30 13:50:31.087 INFO ChangeUsernameAndEmail Completed Successfully.
2023-08-30 13:50:31.090 INFO  
2023-08-30 13:50:31.181 INFO Collected Old Mail as michael.demol@knowit.dk and Old samAccountName as mid, new UPN is michael.demol@knowit.dk
2023-08-30 13:50:31.186 INFO Now that all info has been collected, we will start the process of renaming Usernames and Email fields, to their new KNOWIT UPN
2023-08-30 13:50:31.250 WARN Failed changing username of mid to michael.demol@knowit.dk! API returned  as username.
2023-08-30 13:50:31.254 INFO ChangeUsernameAndEmail Completed Successfully.
2023-08-30 13:50:31.257 INFO  
2023-08-30 13:50:31.340 INFO Collected Old Mail as mhj@miracle.dk and Old samAccountName as mhj, new UPN is michael.hjorth@knowit.dk
2023-08-30 13:50:31.344 INFO Now that all info has been collected, we will start the process of renaming Usernames and Email fields, to their new KNOWIT UPN
2023-08-30 13:50:31.398 WARN Failed changing username of mhj to michael.hjorth@knowit.dk! API returned  as username.
2023-08-30 13:50:31.402 INFO ChangeUsernameAndEmail Completed Successfully.
2023-08-30 13:50:31.405 INFO  
2023-08-30 13:50:31.487 INFO Collected Old Mail as mema@miracle.dk and Old samAccountName as mema, new UPN is mikkel.andreasen@knowit.dk
2023-08-30 13:50:31.490 INFO Now that all info has been collected, we will start the process of renaming Usernames and Email fields, to their new KNOWIT UPN
2023-08-30 13:50:31.544 WARN Failed changing username of mema to mikkel.andreasen@knowit.dk! API returned  as username.
2023-08-30 13:50:31.547 INFO ChangeUsernameAndEmail Completed Successfully.
2023-08-30 13:50:31.551 INFO  
2023-08-30 13:50:31.670 INFO Collected Old Mail as mbu@miracle.dk and Old samAccountName as mbu, new UPN is mikkel.buhl@knowit.dk
2023-08-30 13:50:31.673 INFO Now that all info has been collected, we will start the process of renaming Usernames and Email fields, to their new KNOWIT UPN
2023-08-30 13:50:31.726 WARN Failed changing username of mbu to mikkel.buhl@knowit.dk! API returned  as username.
2023-08-30 13:50:31.731 INFO ChangeUsernameAndEmail Completed Successfully.
2023-08-30 13:50:31.734 INFO  
2023-08-30 13:50:31.814 INFO Collected Old Mail as mfr@miracle.dk and Old samAccountName as mfr, new UPN is morten.fredso@knowit.dk
2023-08-30 13:50:31.818 INFO Now that all info has been collected, we will start the process of renaming Usernames and Email fields, to their new KNOWIT UPN
2023-08-30 13:50:31.871 WARN Failed changing username of mfr to morten.fredso@knowit.dk! API returned  as username.
2023-08-30 13:50:31.874 INFO ChangeUsernameAndEmail Completed Successfully.
2023-08-30 13:50:31.878 INFO  
2023-08-30 13:50:31.949 INFO Collected Old Mail as mki@miracle.dk and Old samAccountName as mki, new UPN is 
2023-08-30 13:50:32.031 INFO Collected Old Mail as mly@miracle.dk and Old samAccountName as mly, new UPN is morten.lyndrup@knowit.dk
2023-08-30 13:50:32.034 INFO Now that all info has been collected, we will start the process of renaming Usernames and Email fields, to their new KNOWIT UPN
2023-08-30 13:50:32.089 WARN Failed changing username of mly to morten.lyndrup@knowit.dk! API returned  as username.
2023-08-30 13:50:32.093 INFO ChangeUsernameAndEmail Completed Successfully.
2023-08-30 13:50:32.097 INFO  
2023-08-30 13:50:32.169 INFO Collected Old Mail as msa@miracle.dk and Old samAccountName as msa, new UPN is morten.saabye@knowit.dk
2023-08-30 13:50:32.173 INFO Now that all info has been collected, we will start the process of renaming Usernames and Email fields, to their new KNOWIT UPN
2023-08-30 13:50:32.232 WARN Failed changing username of msa to morten.saabye@knowit.dk! API returned  as username.
2023-08-30 13:50:32.235 INFO ChangeUsernameAndEmail Completed Successfully.
2023-08-30 13:50:32.239 INFO  
2023-08-30 13:50:32.324 INFO Collected Old Mail as npr@miracle.dk and Old samAccountName as npr, new UPN is nana.prendergast@knowit.dk
2023-08-30 13:50:32.327 INFO Now that all info has been collected, we will start the process of renaming Usernames and Email fields, to their new KNOWIT UPN
2023-08-30 13:50:32.386 WARN Failed changing username of npr to nana.prendergast@knowit.dk! API returned  as username.
2023-08-30 13:50:32.389 INFO ChangeUsernameAndEmail Completed Successfully.
2023-08-30 13:50:32.392 INFO  
2023-08-30 13:50:32.481 INFO Collected Old Mail as nih@miracle.dk and Old samAccountName as nih, new UPN is nicolai.henriksen@knowit.dk
2023-08-30 13:50:32.485 INFO Now that all info has been collected, we will start the process of renaming Usernames and Email fields, to their new KNOWIT UPN
2023-08-30 13:50:32.542 WARN Failed changing username of nih to nicolai.henriksen@knowit.dk! API returned  as username.
2023-08-30 13:50:32.545 INFO ChangeUsernameAndEmail Completed Successfully.
2023-08-30 13:50:32.549 INFO  
2023-08-30 13:50:32.623 INFO Collected Old Mail as nicolas.larsen@knowit.dk and Old samAccountName as ndl, new UPN is nicolas.larsen@knowit.dk
2023-08-30 13:50:32.627 INFO Now that all info has been collected, we will start the process of renaming Usernames and Email fields, to their new KNOWIT UPN
2023-08-30 13:50:32.683 WARN Failed changing username of ndl to nicolas.larsen@knowit.dk! API returned  as username.
2023-08-30 13:50:32.687 INFO ChangeUsernameAndEmail Completed Successfully.
2023-08-30 13:50:32.690 INFO  
2023-08-30 13:50:32.771 INFO Collected Old Mail as nly@miracle.dk and Old samAccountName as nly, new UPN is niels.lysgaard-madsen@knowit.dk
2023-08-30 13:50:32.775 INFO Now that all info has been collected, we will start the process of renaming Usernames and Email fields, to their new KNOWIT UPN
2023-08-30 13:50:32.855 WARN Failed changing username of nly to niels.lysgaard-madsen@knowit.dk! API returned  as username.
2023-08-30 13:50:32.858 INFO ChangeUsernameAndEmail Completed Successfully.
2023-08-30 13:50:32.862 INFO  
2023-08-30 13:50:32.935 INFO Collected Old Mail as not@miracle.dk and Old samAccountName as not, new UPN is 
2023-08-30 13:50:33.011 INFO Collected Old Mail as ojk@miracle.dk and Old samAccountName as ojk, new UPN is olav.kjaer@knowit.dk
2023-08-30 13:50:33.014 INFO Now that all info has been collected, we will start the process of renaming Usernames and Email fields, to their new KNOWIT UPN
2023-08-30 13:50:33.079 WARN Failed changing username of ojk to olav.kjaer@knowit.dk! API returned  as username.
2023-08-30 13:50:33.083 INFO ChangeUsernameAndEmail Completed Successfully.
2023-08-30 13:50:33.087 INFO  
2023-08-30 13:50:33.175 INFO Collected Old Mail as olu@miracle.dk and Old samAccountName as olu, new UPN is ole.lunddahl@knowit.dk
2023-08-30 13:50:33.187 INFO Now that all info has been collected, we will start the process of renaming Usernames and Email fields, to their new KNOWIT UPN
2023-08-30 13:50:33.324 WARN Failed changing username of olu to ole.lunddahl@knowit.dk! API returned  as username.
2023-08-30 13:50:33.330 INFO ChangeUsernameAndEmail Completed Successfully.
2023-08-30 13:50:33.339 INFO  
2023-08-30 13:50:33.432 INFO Collected Old Mail as oda@miracle.dk and Old samAccountName as oda, new UPN is ove.dalum@knowit.dk
2023-08-30 13:50:33.436 INFO Now that all info has been collected, we will start the process of renaming Usernames and Email fields, to their new KNOWIT UPN
2023-08-30 13:50:33.554 WARN Failed changing username of oda to ove.dalum@knowit.dk! API returned  as username.
2023-08-30 13:50:33.558 INFO ChangeUsernameAndEmail Completed Successfully.
2023-08-30 13:50:33.563 INFO  
2023-08-30 13:50:33.650 INFO Collected Old Mail as pgr@miracle.dk and Old samAccountName as pgr, new UPN is pascal.grooters@knowit.dk
2023-08-30 13:50:33.655 INFO Now that all info has been collected, we will start the process of renaming Usernames and Email fields, to their new KNOWIT UPN
2023-08-30 13:50:33.742 WARN Failed changing username of pgr to pascal.grooters@knowit.dk! API returned  as username.
2023-08-30 13:50:33.748 INFO ChangeUsernameAndEmail Completed Successfully.
2023-08-30 13:50:33.752 INFO  
2023-08-30 13:50:33.832 INFO Collected Old Mail as pvo@miracle.dk and Old samAccountName as pvo, new UPN is per.voss@knowit.dk
2023-08-30 13:50:33.836 INFO Now that all info has been collected, we will start the process of renaming Usernames and Email fields, to their new KNOWIT UPN
2023-08-30 13:50:33.909 WARN Failed changing username of pvo to per.voss@knowit.dk! API returned  as username.
2023-08-30 13:50:33.916 INFO ChangeUsernameAndEmail Completed Successfully.
2023-08-30 13:50:33.921 INFO  
2023-08-30 13:50:33.998 INFO Collected Old Mail as phm@miracle.dk and Old samAccountName as phm, new UPN is peter.hallas-moller@knowit.dk
2023-08-30 13:50:34.002 INFO Now that all info has been collected, we will start the process of renaming Usernames and Email fields, to their new KNOWIT UPN
2023-08-30 13:50:34.101 WARN Failed changing username of phm to peter.hallas-moller@knowit.dk! API returned  as username.
2023-08-30 13:50:34.104 INFO ChangeUsernameAndEmail Completed Successfully.
2023-08-30 13:50:34.108 INFO  
2023-08-30 13:50:34.192 INFO Collected Old Mail as pej@miracle.dk and Old samAccountName as pej, new UPN is peter.jakobsen@knowit.dk
2023-08-30 13:50:34.196 INFO Now that all info has been collected, we will start the process of renaming Usernames and Email fields, to their new KNOWIT UPN
2023-08-30 13:50:34.302 WARN Failed changing username of pej to peter.jakobsen@knowit.dk! API returned  as username.
2023-08-30 13:50:34.307 INFO ChangeUsernameAndEmail Completed Successfully.
2023-08-30 13:50:34.314 INFO  
2023-08-30 13:50:34.398 INFO Collected Old Mail as pli@miracle.dk and Old samAccountName as pli, new UPN is pli_miracle.dk#EXT#@knowit.onmicrosoft.com
2023-08-30 13:50:34.402 INFO Now that all info has been collected, we will start the process of renaming Usernames and Email fields, to their new KNOWIT UPN
2023-08-30 13:50:34.456 WARN Failed changing username of pli to pli_miracle.dk#EXT#@knowit.onmicrosoft.com! API returned  as username.
2023-08-30 13:50:34.462 INFO ChangeUsernameAndEmail Completed Successfully.
2023-08-30 13:50:34.466 INFO  
2023-08-30 13:50:34.548 INFO Collected Old Mail as pem@miracle.dk and Old samAccountName as pem, new UPN is peter.melvig@knowit.dk
2023-08-30 13:50:34.552 INFO Now that all info has been collected, we will start the process of renaming Usernames and Email fields, to their new KNOWIT UPN
2023-08-30 13:50:34.606 WARN Failed changing username of pem to peter.melvig@knowit.dk! API returned  as username.
2023-08-30 13:50:34.610 INFO ChangeUsernameAndEmail Completed Successfully.
2023-08-30 13:50:34.614 INFO  
2023-08-30 13:50:34.692 INFO Collected Old Mail as pct@miracle.dk and Old samAccountName as pct, new UPN is 
2023-08-30 13:50:34.770 INFO Collected Old Mail as pht@miracle.dk and Old samAccountName as pht, new UPN is philip.tzannis@knowit.dk
2023-08-30 13:50:34.774 INFO Now that all info has been collected, we will start the process of renaming Usernames and Email fields, to their new KNOWIT UPN
2023-08-30 13:50:34.826 WARN Failed changing username of pht to philip.tzannis@knowit.dk! API returned  as username.
2023-08-30 13:50:34.830 INFO ChangeUsernameAndEmail Completed Successfully.
2023-08-30 13:50:34.833 INFO  
2023-08-30 13:50:34.928 INFO Collected Old Mail as pka@miracle.dk and Old samAccountName as pka, new UPN is pia.krog@knowit.dk
2023-08-30 13:50:34.931 INFO Now that all info has been collected, we will start the process of renaming Usernames and Email fields, to their new KNOWIT UPN
2023-08-30 13:50:34.986 WARN Failed changing username of pka to pia.krog@knowit.dk! API returned  as username.
2023-08-30 13:50:34.990 INFO ChangeUsernameAndEmail Completed Successfully.
2023-08-30 13:50:34.993 INFO  
2023-08-30 13:50:35.074 INFO Collected Old Mail as pss@miracle.dk and Old samAccountName as pss, new UPN is poul.sorensen@knowit.dk
2023-08-30 13:50:35.078 INFO Now that all info has been collected, we will start the process of renaming Usernames and Email fields, to their new KNOWIT UPN
2023-08-30 13:50:35.133 WARN Failed changing username of pss to poul.sorensen@knowit.dk! API returned  as username.
2023-08-30 13:50:35.136 INFO ChangeUsernameAndEmail Completed Successfully.
2023-08-30 13:50:35.140 INFO  
2023-08-30 13:50:35.212 INFO Collected Old Mail as psi@miracle.dk and Old samAccountName as psi, new UPN is preben.simonsen@knowit.dk
2023-08-30 13:50:35.216 INFO Now that all info has been collected, we will start the process of renaming Usernames and Email fields, to their new KNOWIT UPN
2023-08-30 13:50:35.280 WARN Failed changing username of psi to preben.simonsen@knowit.dk! API returned  as username.
2023-08-30 13:50:35.283 INFO ChangeUsernameAndEmail Completed Successfully.
2023-08-30 13:50:35.287 INFO  
2023-08-30 13:50:35.374 INFO Collected Old Mail as rsi@miracle.dk and Old samAccountName as rsi, new UPN is rachna.singh@knowit.dk
2023-08-30 13:50:35.378 INFO Now that all info has been collected, we will start the process of renaming Usernames and Email fields, to their new KNOWIT UPN
2023-08-30 13:50:35.435 WARN Failed changing username of rsi to rachna.singh@knowit.dk! API returned  as username.
2023-08-30 13:50:35.438 INFO ChangeUsernameAndEmail Completed Successfully.
2023-08-30 13:50:35.441 INFO  
2023-08-30 13:50:35.524 INFO Collected Old Mail as rje@miracle.dk and Old samAccountName as rje, new UPN is rene.jelle@knowit.dk
2023-08-30 13:50:35.529 INFO Now that all info has been collected, we will start the process of renaming Usernames and Email fields, to their new KNOWIT UPN
2023-08-30 13:50:35.583 WARN Failed changing username of rje to rene.jelle@knowit.dk! API returned  as username.
2023-08-30 13:50:35.586 INFO ChangeUsernameAndEmail Completed Successfully.
2023-08-30 13:50:35.590 INFO  
2023-08-30 13:50:35.664 INFO Collected Old Mail as rhm@miracle.dk and Old samAccountName as rhm, new UPN is 
2023-08-30 13:50:35.744 INFO Collected Old Mail as rie@miracle.dk and Old samAccountName as rie, new UPN is rie.eriksen@knowit.dk
2023-08-30 13:50:35.748 INFO Now that all info has been collected, we will start the process of renaming Usernames and Email fields, to their new KNOWIT UPN
2023-08-30 13:50:35.801 WARN Failed changing username of rie to rie.eriksen@knowit.dk! API returned  as username.
2023-08-30 13:50:35.804 INFO ChangeUsernameAndEmail Completed Successfully.
2023-08-30 13:50:35.809 INFO  
2023-08-30 13:50:35.893 INFO Collected Old Mail as sfv@miracle.dk and Old samAccountName as sfv, new UPN is 
2023-08-30 13:50:35.968 INFO Collected Old Mail as smb@miracle.dk and Old samAccountName as smb, new UPN is 
2023-08-30 13:50:36.050 INFO Collected Old Mail as sis@miracle.dk and Old samAccountName as sis, new UPN is sinan.sert@knowit.dk
2023-08-30 13:50:36.054 INFO Now that all info has been collected, we will start the process of renaming Usernames and Email fields, to their new KNOWIT UPN
2023-08-30 13:50:36.137 WARN Failed changing username of sis to sinan.sert@knowit.dk! API returned  as username.
2023-08-30 13:50:36.140 INFO ChangeUsernameAndEmail Completed Successfully.
2023-08-30 13:50:36.145 INFO  
2023-08-30 13:50:36.228 INFO Collected Old Mail as sofia.storm@knowit.dk and Old samAccountName as sos, new UPN is sofia.storm@knowit.dk
2023-08-30 13:50:36.232 INFO Now that all info has been collected, we will start the process of renaming Usernames and Email fields, to their new KNOWIT UPN
2023-08-30 13:50:36.299 WARN Failed changing username of sos to sofia.storm@knowit.dk! API returned  as username.
2023-08-30 13:50:36.303 INFO ChangeUsernameAndEmail Completed Successfully.
2023-08-30 13:50:36.306 INFO  
2023-08-30 13:50:36.395 INFO Collected Old Mail as sda@miracle.dk and Old samAccountName as sdp, new UPN is 
2023-08-30 13:50:36.485 INFO Collected Old Mail as sss@miracle.dk and Old samAccountName as sss, new UPN is svend.stagis@knowit.dk
2023-08-30 13:50:36.489 INFO Now that all info has been collected, we will start the process of renaming Usernames and Email fields, to their new KNOWIT UPN
2023-08-30 13:50:36.659 WARN Failed changing username of sss to svend.stagis@knowit.dk! API returned  as username.
2023-08-30 13:50:36.664 INFO ChangeUsernameAndEmail Completed Successfully.
2023-08-30 13:50:36.668 INFO  
2023-08-30 13:50:36.764 INFO Collected Old Mail as tbj@miracle.dk and Old samAccountName as tbj, new UPN is thomas.brigsted@knowit.dk
2023-08-30 13:50:36.769 INFO Now that all info has been collected, we will start the process of renaming Usernames and Email fields, to their new KNOWIT UPN
2023-08-30 13:50:36.847 WARN Failed changing username of tbj to thomas.brigsted@knowit.dk! API returned  as username.
2023-08-30 13:50:36.851 INFO ChangeUsernameAndEmail Completed Successfully.
2023-08-30 13:50:36.854 INFO  
2023-08-30 13:50:36.932 INFO Collected Old Mail as tuh@miracle.dk and Old samAccountName as tuh, new UPN is thomas.uhrskov@knowit.dk
2023-08-30 13:50:36.935 INFO Now that all info has been collected, we will start the process of renaming Usernames and Email fields, to their new KNOWIT UPN
2023-08-30 13:50:36.993 WARN Failed changing username of tuh to thomas.uhrskov@knowit.dk! API returned  as username.
2023-08-30 13:50:36.999 INFO ChangeUsernameAndEmail Completed Successfully.
2023-08-30 13:50:37.003 INFO  
2023-08-30 13:50:37.092 INFO Collected Old Mail as THL@miracle.dk and Old samAccountName as thl, new UPN is thuy.le@knowit.dk
2023-08-30 13:50:37.096 INFO Now that all info has been collected, we will start the process of renaming Usernames and Email fields, to their new KNOWIT UPN
2023-08-30 13:50:37.152 WARN Failed changing username of thl to thuy.le@knowit.dk! API returned  as username.
2023-08-30 13:50:37.156 INFO ChangeUsernameAndEmail Completed Successfully.
2023-08-30 13:50:37.159 INFO  
2023-08-30 13:50:37.286 INFO Collected Old Mail as tfa@miracle.dk and Old samAccountName as tfa, new UPN is tina.facius@knowit.dk
2023-08-30 13:50:37.290 INFO Now that all info has been collected, we will start the process of renaming Usernames and Email fields, to their new KNOWIT UPN
2023-08-30 13:50:37.352 WARN Failed changing username of tfa to tina.facius@knowit.dk! API returned  as username.
2023-08-30 13:50:37.355 INFO ChangeUsernameAndEmail Completed Successfully.
2023-08-30 13:50:37.359 INFO  
2023-08-30 13:50:37.435 INFO Collected Old Mail as tjk@miracle.dk and Old samAccountName as tjk, new UPN is torben.junker-kjaer@knowit.dk
2023-08-30 13:50:37.439 INFO Now that all info has been collected, we will start the process of renaming Usernames and Email fields, to their new KNOWIT UPN
2023-08-30 13:50:37.494 WARN Failed changing username of tjk to torben.junker-kjaer@knowit.dk! API returned  as username.
2023-08-30 13:50:37.498 INFO ChangeUsernameAndEmail Completed Successfully.
2023-08-30 13:50:37.501 INFO  
2023-08-30 13:50:37.580 INFO Collected Old Mail as tky@miracle.dk and Old samAccountName as tky, new UPN is torben.kyndbol@knowit.dk
2023-08-30 13:50:37.584 INFO Now that all info has been collected, we will start the process of renaming Usernames and Email fields, to their new KNOWIT UPN
2023-08-30 13:50:37.641 WARN Failed changing username of tky to torben.kyndbol@knowit.dk! API returned  as username.
2023-08-30 13:50:37.645 INFO ChangeUsernameAndEmail Completed Successfully.
2023-08-30 13:50:37.649 INFO  
2023-08-30 13:50:37.725 INFO Collected Old Mail as tha@miracle.dk and Old samAccountName as tha, new UPN is troels.hansen@knowit.dk
2023-08-30 13:50:37.729 INFO Now that all info has been collected, we will start the process of renaming Usernames and Email fields, to their new KNOWIT UPN
2023-08-30 13:50:37.793 WARN Failed changing username of tha to troels.hansen@knowit.dk! API returned  as username.
2023-08-30 13:50:37.797 INFO ChangeUsernameAndEmail Completed Successfully.
2023-08-30 13:50:37.801 INFO  
2023-08-30 13:50:37.881 INFO Collected Old Mail as tmt@miracle.dk and Old samAccountName as tmt, new UPN is troels.thomsen@knowit.dk
2023-08-30 13:50:37.885 INFO Now that all info has been collected, we will start the process of renaming Usernames and Email fields, to their new KNOWIT UPN
2023-08-30 13:50:37.953 WARN Failed changing username of tmt to troels.thomsen@knowit.dk! API returned  as username.
2023-08-30 13:50:37.959 INFO ChangeUsernameAndEmail Completed Successfully.
2023-08-30 13:50:37.966 INFO  
2023-08-30 13:50:38.052 INFO Collected Old Mail as tca@miracle.dk and Old samAccountName as tca, new UPN is 
2023-08-30 13:50:38.130 INFO Collected Old Mail as uhc@miracle.dk and Old samAccountName as uhc, new UPN is ulla.hitz@knowit.dk
2023-08-30 13:50:38.137 INFO Now that all info has been collected, we will start the process of renaming Usernames and Email fields, to their new KNOWIT UPN
2023-08-30 13:50:38.237 WARN Failed changing username of uhc to ulla.hitz@knowit.dk! API returned  as username.
2023-08-30 13:50:38.251 INFO ChangeUsernameAndEmail Completed Successfully.
2023-08-30 13:50:38.282 INFO  
2023-08-30 13:50:38.370 INFO Collected Old Mail as uec@miracle.dk and Old samAccountName as uec, new UPN is ulrick.carstensen@knowit.dk
2023-08-30 13:50:38.375 INFO Now that all info has been collected, we will start the process of renaming Usernames and Email fields, to their new KNOWIT UPN
2023-08-30 13:50:38.482 WARN Failed changing username of uec to ulrick.carstensen@knowit.dk! API returned  as username.
2023-08-30 13:50:38.492 INFO ChangeUsernameAndEmail Completed Successfully.
2023-08-30 13:50:38.500 INFO  
2023-08-30 13:50:38.578 INFO Collected Old Mail as ukr@miracle.dk and Old samAccountName as ukr, new UPN is ursula.krogsboll@knowit.dk
2023-08-30 13:50:38.584 INFO Now that all info has been collected, we will start the process of renaming Usernames and Email fields, to their new KNOWIT UPN
2023-08-30 13:50:38.705 WARN Failed changing username of ukr to ursula.krogsboll@knowit.dk! API returned  as username.
2023-08-30 13:50:38.709 INFO ChangeUsernameAndEmail Completed Successfully.
2023-08-30 13:50:38.724 INFO  
2023-08-30 13:50:38.810 INFO Collected Old Mail as vla@miracle.dk and Old samAccountName as vla, new UPN is vicky.langhoff@knowit.dk
2023-08-30 13:50:38.815 INFO Now that all info has been collected, we will start the process of renaming Usernames and Email fields, to their new KNOWIT UPN
2023-08-30 13:50:38.918 WARN Failed changing username of vla to vicky.langhoff@knowit.dk! API returned  as username.
2023-08-30 13:50:38.936 INFO ChangeUsernameAndEmail Completed Successfully.
2023-08-30 13:50:38.940 INFO  
2023-08-30 13:50:39.022 INFO Collected Old Mail as vbn@miracle.dk and Old samAccountName as vbn, new UPN is viktor.nymand@knowit.dk
2023-08-30 13:50:39.026 INFO Now that all info has been collected, we will start the process of renaming Usernames and Email fields, to their new KNOWIT UPN
2023-08-30 13:50:39.116 WARN Failed changing username of vbn to viktor.nymand@knowit.dk! API returned  as username.
2023-08-30 13:50:39.120 INFO ChangeUsernameAndEmail Completed Successfully.
2023-08-30 13:50:39.124 INFO  
2023-08-30 13:50:39.217 INFO Collected Old Mail as vbu@miracle.dk and Old samAccountName as vbu, new UPN is vincent.buchholz@knowit.dk
2023-08-30 13:50:39.221 INFO Now that all info has been collected, we will start the process of renaming Usernames and Email fields, to their new KNOWIT UPN
2023-08-30 13:50:39.287 WARN Failed changing username of vbu to vincent.buchholz@knowit.dk! API returned  as username.
2023-08-30 13:50:39.291 INFO ChangeUsernameAndEmail Completed Successfully.
2023-08-30 13:50:39.295 INFO  
2023-08-30 13:50:39.380 INFO Collected Old Mail as wba@miracle.dk and Old samAccountName as wba, new UPN is walther.barnett@knowit.dk
2023-08-30 13:50:39.384 INFO Now that all info has been collected, we will start the process of renaming Usernames and Email fields, to their new KNOWIT UPN
2023-08-30 13:50:39.458 WARN Failed changing username of wba to walther.barnett@knowit.dk! API returned  as username.
2023-08-30 13:50:39.464 INFO ChangeUsernameAndEmail Completed Successfully.
2023-08-30 13:50:39.469 INFO  
2023-08-30 13:50:39.473 INFO GetAzureUserObject Completed Successfully.
2023-08-30 13:50:39.477 INFO  
2023-08-30 13:50:39.486 INFO End of Script
2023-08-30 14:20:24.511 INFO declarations - log is C:\PS\Scripts\Atlassian\On-Prem\RenameUsernamesFromNewADUPN.log
2023-08-30 14:20:24.514 INFO Starting Script, 1.0
2023-08-30 14:20:24.518 INFO Collect samAccountName and Mail from Old Active Directory (AD)
2023-08-30 14:20:24.521 INFO running test-path on C:\Users\caspe\Downloads\users.csv
2023-08-30 14:20:24.526 INFO GetOldADUserObjects Completed Successfully.
2023-08-30 14:20:24.529 INFO  
2023-08-30 14:20:24.533 INFO Collect Azure user objects, based on samAccountName and mail from Old Active Directory (AD)
2023-08-30 14:20:24.663 INFO Collected Old Mail as aco@miracle.dk and Old samAccountName as aco, new UPN is 
2023-08-30 14:20:24.727 INFO Collected Old Mail as aos@miracle.dk and Old samAccountName as aos, new UPN is 
2023-08-30 14:20:24.794 INFO Collected Old Mail as ALP@miracle.dk and Old samAccountName as alp, new UPN is 
2023-08-30 14:20:24.862 INFO Collected Old Mail as alj@miracle.dk and Old samAccountName as ajo, new UPN is allan.jacobsen@knowit.dk
2023-08-30 14:20:24.874 INFO Now that all info has been collected, we will start the process of renaming Usernames and Email fields, to their new KNOWIT UPN
2023-08-30 14:20:25.017 INFO [2023-08-30 14:20:25.016] -- key equals to old username, user processed correctly already.
2023-08-30 14:20:25.020 INFO ChangeUsernameAndEmail Completed Successfully.
2023-08-30 14:20:25.025 INFO  
2023-08-30 14:20:25.095 INFO Collected Old Mail as abi@miracle.dk and Old samAccountName as abi, new UPN is anders.billekop@knowit.dk
2023-08-30 14:20:25.098 INFO Now that all info has been collected, we will start the process of renaming Usernames and Email fields, to their new KNOWIT UPN
2023-08-30 14:20:25.190 INFO [2023-08-30 14:20:25.189] -- key equals to old username, user processed correctly already.
2023-08-30 14:20:25.194 INFO ChangeUsernameAndEmail Completed Successfully.
2023-08-30 14:20:25.197 INFO  
2023-08-30 14:20:25.270 INFO Collected Old Mail as abu@miracle.dk and Old samAccountName as abu, new UPN is anders.buron@knowit.dk
2023-08-30 14:20:25.274 INFO Now that all info has been collected, we will start the process of renaming Usernames and Email fields, to their new KNOWIT UPN
2023-08-30 14:20:25.408 INFO [2023-08-30 14:20:25.407] -- key equals to old username, user processed correctly already.
2023-08-30 14:20:25.412 INFO ChangeUsernameAndEmail Completed Successfully.
2023-08-30 14:20:25.415 INFO  
2023-08-30 14:20:25.500 INFO Collected Old Mail as anders.koch@knowit.dk and Old samAccountName as ank, new UPN is anders.koch@knowit.dk
2023-08-30 14:20:25.503 INFO Now that all info has been collected, we will start the process of renaming Usernames and Email fields, to their new KNOWIT UPN
2023-08-30 14:20:25.863 WARN Failed changing username of ank to anders.koch@knowit.dk! API returned  as username.
2023-08-30 14:20:25.866 INFO ChangeUsernameAndEmail Completed Successfully.
2023-08-30 14:20:25.870 INFO  
2023-08-30 14:20:25.969 INFO Collected Old Mail as ast@miracle.dk and Old samAccountName as ast, new UPN is anders.staugaard@knowit.dk
2023-08-30 14:20:25.973 INFO Now that all info has been collected, we will start the process of renaming Usernames and Email fields, to their new KNOWIT UPN
2023-08-30 14:20:26.224 WARN Failed changing username of ast to anders.staugaard@knowit.dk! API returned  as username.
2023-08-30 14:20:26.228 INFO ChangeUsernameAndEmail Completed Successfully.
2023-08-30 14:20:26.231 INFO  
2023-08-30 14:20:26.300 INFO Collected Old Mail as abh@miracle.dk and Old samAccountName as abh, new UPN is andreas.holm@knowit.dk
2023-08-30 14:20:26.304 INFO Now that all info has been collected, we will start the process of renaming Usernames and Email fields, to their new KNOWIT UPN
2023-08-30 14:20:26.634 INFO ChangeUsernameAndEmail Completed Successfully.
2023-08-30 14:20:26.638 INFO  
2023-08-30 14:20:26.709 INFO Collected Old Mail as aja@miracle.dk and Old samAccountName as aja, new UPN is andreas-jens.axelsen@knowit.dk
2023-08-30 14:20:26.713 INFO Now that all info has been collected, we will start the process of renaming Usernames and Email fields, to their new KNOWIT UPN
2023-08-30 14:20:27.089 INFO ChangeUsernameAndEmail Completed Successfully.
2023-08-30 14:20:27.093 INFO  
2023-08-30 14:20:27.165 INFO Collected Old Mail as ano@miracle.dk and Old samAccountName as ano, new UPN is 
2023-08-30 14:20:27.237 INFO Collected Old Mail as ams@miracle.dk and Old samAccountName as ams, new UPN is 
2023-08-30 14:20:27.306 INFO Collected Old Mail as agn@miracle.dk and Old samAccountName as agn, new UPN is arik.twena@knowit.dk
2023-08-30 14:20:27.309 INFO Now that all info has been collected, we will start the process of renaming Usernames and Email fields, to their new KNOWIT UPN
2023-08-30 14:20:27.796 INFO ChangeUsernameAndEmail Completed Successfully.
2023-08-30 14:20:27.800 INFO  
2023-08-30 14:20:27.872 INFO Collected Old Mail as bmm@miracle.dk and Old samAccountName as bmm, new UPN is benny.milt-mikkelsen@knowit.dk
2023-08-30 14:20:27.876 INFO Now that all info has been collected, we will start the process of renaming Usernames and Email fields, to their new KNOWIT UPN
2023-08-30 14:20:28.213 WARN Failed changing username of bmm to benny.milt-mikkelsen@knowit.dk! API returned  as username.
2023-08-30 14:20:28.217 INFO ChangeUsernameAndEmail Completed Successfully.
2023-08-30 14:20:28.220 INFO  
2023-08-30 14:20:28.288 INFO Collected Old Mail as bba@miracle.dk and Old samAccountName as bba, new UPN is birgit.bang@knowit.dk
2023-08-30 14:20:28.292 INFO Now that all info has been collected, we will start the process of renaming Usernames and Email fields, to their new KNOWIT UPN
2023-08-30 14:20:28.606 WARN Failed changing username of bba to birgit.bang@knowit.dk! API returned  as username.
2023-08-30 14:20:28.610 INFO ChangeUsernameAndEmail Completed Successfully.
2023-08-30 14:20:28.614 INFO  
2023-08-30 14:20:28.683 INFO Collected Old Mail as bde@miracle.dk and Old samAccountName as bde, new UPN is bo.dencker@knowit.dk
2023-08-30 14:20:28.687 INFO Now that all info has been collected, we will start the process of renaming Usernames and Email fields, to their new KNOWIT UPN
2023-08-30 14:20:29.064 INFO ChangeUsernameAndEmail Completed Successfully.
2023-08-30 14:20:29.069 INFO  
2023-08-30 14:20:29.150 INFO Collected Old Mail as bfa@miracle.dk and Old samAccountName as bfa, new UPN is bo.falberg@knowit.dk
2023-08-30 14:20:29.154 INFO Now that all info has been collected, we will start the process of renaming Usernames and Email fields, to their new KNOWIT UPN
2023-08-30 14:20:29.438 WARN Failed changing username of bfa to bo.falberg@knowit.dk! API returned  as username.
2023-08-30 14:20:29.442 INFO ChangeUsernameAndEmail Completed Successfully.
2023-08-30 14:20:29.446 INFO  
2023-08-30 14:20:29.611 INFO Collected Old Mail as bfe@miracle.dk and Old samAccountName as bfe, new UPN is 
2023-08-30 14:20:29.689 INFO Collected Old Mail as bbj@miracle.dk and Old samAccountName as bbj, new UPN is brian.bek-jensen@knowit.dk
2023-08-30 14:20:29.692 INFO Now that all info has been collected, we will start the process of renaming Usernames and Email fields, to their new KNOWIT UPN
2023-08-30 14:20:30.037 WARN Failed changing username of bbj to brian.bek-jensen@knowit.dk! API returned  as username.
2023-08-30 14:20:30.040 INFO ChangeUsernameAndEmail Completed Successfully.
2023-08-30 14:20:30.045 INFO  
2023-08-30 14:20:30.113 INFO Collected Old Mail as bhh@miracle.dk and Old samAccountName as bhh, new UPN is brian.hauge-hansen@knowit.dk
2023-08-30 14:20:30.116 INFO Now that all info has been collected, we will start the process of renaming Usernames and Email fields, to their new KNOWIT UPN
2023-08-30 14:20:30.393 WARN Failed changing username of bhh to brian.hauge-hansen@knowit.dk! API returned  as username.
2023-08-30 14:20:30.396 INFO ChangeUsernameAndEmail Completed Successfully.
2023-08-30 14:20:30.400 INFO  
2023-08-30 14:20:30.467 INFO Collected Old Mail as cbj@miracle.dk and Old samAccountName as cbj, new UPN is camilla.jepsen@knowit.dk
2023-08-30 14:20:30.470 INFO Now that all info has been collected, we will start the process of renaming Usernames and Email fields, to their new KNOWIT UPN
2023-08-30 14:20:30.848 INFO ChangeUsernameAndEmail Completed Successfully.
2023-08-30 14:20:30.852 INFO  
2023-08-30 14:20:30.922 INFO Collected Old Mail as chc@miracle.dk and Old samAccountName as chc, new UPN is casper.christensen@knowit.dk
2023-08-30 14:20:30.926 INFO Now that all info has been collected, we will start the process of renaming Usernames and Email fields, to their new KNOWIT UPN
2023-08-30 14:20:31.405 INFO ChangeUsernameAndEmail Completed Successfully.
2023-08-30 14:20:31.410 INFO  
2023-08-30 14:20:31.494 INFO Collected Old Mail as cya@miracle.dk and Old samAccountName as CYA, new UPN is christopher.yau@knowit.dk
2023-08-30 14:20:31.498 INFO Now that all info has been collected, we will start the process of renaming Usernames and Email fields, to their new KNOWIT UPN
2023-08-30 14:20:31.956 INFO ChangeUsernameAndEmail Completed Successfully.
2023-08-30 14:20:31.960 INFO  
2023-08-30 14:20:32.039 INFO Collected Old Mail as cop@miracle.dk and Old samAccountName as cop, new UPN is claus.pedersen@knowit.dk
2023-08-30 14:20:32.043 INFO Now that all info has been collected, we will start the process of renaming Usernames and Email fields, to their new KNOWIT UPN
2023-08-30 14:20:32.291 WARN Failed changing username of cop to claus.pedersen@knowit.dk! API returned  as username.
2023-08-30 14:20:32.295 INFO ChangeUsernameAndEmail Completed Successfully.
2023-08-30 14:20:32.298 INFO  
2023-08-30 14:20:32.367 INFO Collected Old Mail as cls@miracle.dk and Old samAccountName as cls, new UPN is claus.sorensen@knowit.dk
2023-08-30 14:20:32.370 INFO Now that all info has been collected, we will start the process of renaming Usernames and Email fields, to their new KNOWIT UPN
2023-08-30 14:20:32.614 WARN Failed changing username of cls to claus.sorensen@knowit.dk! API returned  as username.
2023-08-30 14:20:32.617 INFO ChangeUsernameAndEmail Completed Successfully.
2023-08-30 14:20:32.621 INFO  
2023-08-30 14:20:32.778 INFO Collected Old Mail as dbh@miracle.dk and Old samAccountName as dbh, new UPN is dennis.bohnstedt@knowit.dk
2023-08-30 14:20:32.782 INFO Now that all info has been collected, we will start the process of renaming Usernames and Email fields, to their new KNOWIT UPN
2023-08-30 14:20:33.032 WARN Failed changing username of dbh to dennis.bohnstedt@knowit.dk! API returned  as username.
2023-08-30 14:20:33.035 INFO ChangeUsernameAndEmail Completed Successfully.
2023-08-30 14:20:33.039 INFO  
2023-08-30 14:20:33.115 INFO Collected Old Mail as dfj@miracle.dk and Old samAccountName as dfj, new UPN is dennis.jorgensen@knowit.dk
2023-08-30 14:20:33.118 INFO Now that all info has been collected, we will start the process of renaming Usernames and Email fields, to their new KNOWIT UPN
2023-08-30 14:20:33.476 INFO ChangeUsernameAndEmail Completed Successfully.
2023-08-30 14:20:33.480 INFO  
2023-08-30 14:20:33.557 INFO Collected Old Mail as dmo@miracle.dk and Old samAccountName as dmo, new UPN is diana.olivares@knowit.dk
2023-08-30 14:20:33.561 INFO Now that all info has been collected, we will start the process of renaming Usernames and Email fields, to their new KNOWIT UPN
2023-08-30 14:20:33.924 INFO ChangeUsernameAndEmail Completed Successfully.
2023-08-30 14:20:33.929 INFO  
2023-08-30 14:20:34.003 INFO Collected Old Mail as dbr@miracle.dk and Old samAccountName as dbr, new UPN is dorthe.bramming@knowit.dk
2023-08-30 14:20:34.007 INFO Now that all info has been collected, we will start the process of renaming Usernames and Email fields, to their new KNOWIT UPN
2023-08-30 14:20:34.256 WARN Failed changing username of dbr to dorthe.bramming@knowit.dk! API returned  as username.
2023-08-30 14:20:34.260 INFO ChangeUsernameAndEmail Completed Successfully.
2023-08-30 14:20:34.264 INFO  
2023-08-30 14:20:34.329 INFO Collected Old Mail as egj@miracle.dk and Old samAccountName as egj, new UPN is 
2023-08-30 14:20:34.398 INFO Collected Old Mail as eha@miracle.dk and Old samAccountName as eha, new UPN is emil.haugaard@knowit.dk
2023-08-30 14:20:34.402 INFO Now that all info has been collected, we will start the process of renaming Usernames and Email fields, to their new KNOWIT UPN
2023-08-30 14:20:34.843 INFO ChangeUsernameAndEmail Completed Successfully.
2023-08-30 14:20:34.847 INFO  
2023-08-30 14:20:34.914 INFO Collected Old Mail as ekk@miracle.dk and Old samAccountName as ekk, new UPN is erik.kongsted-knudsen@knowit.dk
2023-08-30 14:20:34.918 INFO Now that all info has been collected, we will start the process of renaming Usernames and Email fields, to their new KNOWIT UPN
2023-08-30 14:20:35.331 INFO ChangeUsernameAndEmail Completed Successfully.
2023-08-30 14:20:35.334 INFO  
2023-08-30 14:20:35.402 INFO Collected Old Mail as eas@miracle.dk and Old samAccountName as eas, new UPN is eva.aas-sondergaard@knowit.dk
2023-08-30 14:20:35.405 INFO Now that all info has been collected, we will start the process of renaming Usernames and Email fields, to their new KNOWIT UPN
2023-08-30 14:20:35.771 INFO ChangeUsernameAndEmail Completed Successfully.
2023-08-30 14:20:35.775 INFO  
2023-08-30 14:20:35.845 INFO Collected Old Mail as ffh@miracle.dk and Old samAccountName as ffh, new UPN is finn.hassing@knowit.dk
2023-08-30 14:20:35.848 INFO Now that all info has been collected, we will start the process of renaming Usernames and Email fields, to their new KNOWIT UPN
2023-08-30 14:20:36.112 WARN Failed changing username of ffh to finn.hassing@knowit.dk! API returned  as username.
2023-08-30 14:20:36.115 INFO ChangeUsernameAndEmail Completed Successfully.
2023-08-30 14:20:36.118 INFO  
2023-08-30 14:20:36.189 INFO Collected Old Mail as fln@miracle.dk and Old samAccountName as fln, new UPN is flemming.nielsen@knowit.dk
2023-08-30 14:20:36.192 INFO Now that all info has been collected, we will start the process of renaming Usernames and Email fields, to their new KNOWIT UPN
2023-08-30 14:20:36.433 WARN Failed changing username of fln to flemming.nielsen@knowit.dk! API returned  as username.
2023-08-30 14:20:36.436 INFO ChangeUsernameAndEmail Completed Successfully.
2023-08-30 14:20:36.440 INFO  
2023-08-30 14:20:36.508 INFO Collected Old Mail as fcl@miracle.dk and Old samAccountName as fcl, new UPN is 
2023-08-30 14:20:36.579 INFO Collected Old Mail as fpn@miracle.dk and Old samAccountName as fpn, new UPN is frederik.pontoppidan@knowit.dk
2023-08-30 14:20:36.582 INFO Now that all info has been collected, we will start the process of renaming Usernames and Email fields, to their new KNOWIT UPN
2023-08-30 14:20:36.928 INFO ChangeUsernameAndEmail Completed Successfully.
2023-08-30 14:20:36.932 INFO  
2023-08-30 14:20:37.004 INFO Collected Old Mail as fbl@miracle.dk and Old samAccountName as fbl, new UPN is freja.blidegaard@knowit.dk
2023-08-30 14:20:37.007 INFO Now that all info has been collected, we will start the process of renaming Usernames and Email fields, to their new KNOWIT UPN
2023-08-30 14:20:37.383 INFO ChangeUsernameAndEmail Completed Successfully.
2023-08-30 14:20:37.386 INFO  
2023-08-30 14:20:37.455 INFO Collected Old Mail as gen@miracle.dk and Old samAccountName as gen, new UPN is gert.nygaard@knowit.dk
2023-08-30 14:20:37.458 INFO Now that all info has been collected, we will start the process of renaming Usernames and Email fields, to their new KNOWIT UPN
2023-08-30 14:20:37.697 WARN Failed changing username of gen to gert.nygaard@knowit.dk! API returned  as username.
2023-08-30 14:20:37.700 INFO ChangeUsernameAndEmail Completed Successfully.
2023-08-30 14:20:37.704 INFO  
2023-08-30 14:20:37.783 INFO Collected Old Mail as gis@miracle.dk and Old samAccountName as gis, new UPN is gerth.isaksen@knowit.dk
2023-08-30 14:20:37.787 INFO Now that all info has been collected, we will start the process of renaming Usernames and Email fields, to their new KNOWIT UPN
2023-08-30 14:20:38.162 INFO ChangeUsernameAndEmail Completed Successfully.
2023-08-30 14:20:38.166 INFO  
2023-08-30 14:20:38.238 INFO Collected Old Mail as gtr@miracle.dk and Old samAccountName as gtr, new UPN is gitte.rasmussen@knowit.dk
2023-08-30 14:20:38.241 INFO Now that all info has been collected, we will start the process of renaming Usernames and Email fields, to their new KNOWIT UPN
2023-08-30 14:20:38.677 INFO ChangeUsernameAndEmail Completed Successfully.
2023-08-30 14:20:38.681 INFO  
2023-08-30 14:20:38.752 INFO Collected Old Mail as hhr@miracle.dk and Old samAccountName as hhr, new UPN is hordur.hreinsson@knowit.dk
2023-08-30 14:20:38.755 INFO Now that all info has been collected, we will start the process of renaming Usernames and Email fields, to their new KNOWIT UPN
2023-08-30 14:20:39.114 INFO ChangeUsernameAndEmail Completed Successfully.
2023-08-30 14:20:39.117 INFO  
2023-08-30 14:20:39.194 INFO Collected Old Mail as hgk@miracle.dk and Old samAccountName as hgk, new UPN is hans.guldager@knowit.dk
2023-08-30 14:20:39.197 INFO Now that all info has been collected, we will start the process of renaming Usernames and Email fields, to their new KNOWIT UPN
2023-08-30 14:20:39.498 WARN Failed changing username of hgk to hans.guldager@knowit.dk! API returned  as username.
2023-08-30 14:20:39.502 INFO ChangeUsernameAndEmail Completed Successfully.
2023-08-30 14:20:39.505 INFO  
2023-08-30 14:20:39.576 INFO Collected Old Mail as hwf@miracle.dk and Old samAccountName as hwf, new UPN is hans-william.falck@knowit.dk
2023-08-30 14:20:39.580 INFO Now that all info has been collected, we will start the process of renaming Usernames and Email fields, to their new KNOWIT UPN
2023-08-30 14:20:39.823 WARN Failed changing username of hwf to hans-william.falck@knowit.dk! API returned  as username.
2023-08-30 14:20:39.827 INFO ChangeUsernameAndEmail Completed Successfully.
2023-08-30 14:20:39.830 INFO  
2023-08-30 14:20:39.901 INFO Collected Old Mail as heb@miracle.dk and Old samAccountName as heb, new UPN is helle.berner@knowit.dk
2023-08-30 14:20:39.904 INFO Now that all info has been collected, we will start the process of renaming Usernames and Email fields, to their new KNOWIT UPN
2023-08-30 14:20:40.371 INFO ChangeUsernameAndEmail Completed Successfully.
2023-08-30 14:20:40.374 INFO  
2023-08-30 14:20:40.445 INFO Collected Old Mail as hhl@miracle.dk and Old samAccountName as hhl, new UPN is helle.hyllested@knowit.dk
2023-08-30 14:20:40.449 INFO Now that all info has been collected, we will start the process of renaming Usernames and Email fields, to their new KNOWIT UPN
2023-08-30 14:20:40.810 INFO ChangeUsernameAndEmail Completed Successfully.
2023-08-30 14:20:40.814 INFO  
2023-08-30 14:20:40.912 INFO Collected Old Mail as hla@miracle.dk and Old samAccountName as hla, new UPN is henny.lauritsen@knowit.dk
2023-08-30 14:20:40.915 INFO Now that all info has been collected, we will start the process of renaming Usernames and Email fields, to their new KNOWIT UPN
2023-08-30 14:20:41.284 INFO ChangeUsernameAndEmail Completed Successfully.
2023-08-30 14:20:41.288 INFO  
2023-08-30 14:20:41.359 INFO Collected Old Mail as hly@miracle.dk and Old samAccountName as hly, new UPN is henrik.lykkeberg@knowit.dk
2023-08-30 14:20:41.363 INFO Now that all info has been collected, we will start the process of renaming Usernames and Email fields, to their new KNOWIT UPN
2023-08-30 14:20:41.734 INFO ChangeUsernameAndEmail Completed Successfully.
2023-08-30 14:20:41.739 INFO  
2023-08-30 14:20:41.809 INFO Collected Old Mail as hhk@miracle.dk and Old samAccountName as hhk, new UPN is hessam.klattrup@knowit.dk
2023-08-30 14:20:41.812 INFO Now that all info has been collected, we will start the process of renaming Usernames and Email fields, to their new KNOWIT UPN
2023-08-30 14:20:42.379 INFO ChangeUsernameAndEmail Completed Successfully.
2023-08-30 14:20:42.383 INFO  
2023-08-30 14:20:42.448 INFO Collected Old Mail as IOV@miracle.dk and Old samAccountName as iov, new UPN is 
2023-08-30 14:20:42.516 INFO Collected Old Mail as jnl@miracle.dk and Old samAccountName as jnl, new UPN is jacob.nissen-lauritzen@knowit.dk
2023-08-30 14:20:42.520 INFO Now that all info has been collected, we will start the process of renaming Usernames and Email fields, to their new KNOWIT UPN
2023-08-30 14:20:42.846 WARN Failed changing username of jnl to jacob.nissen-lauritzen@knowit.dk! API returned  as username.
2023-08-30 14:20:42.849 INFO ChangeUsernameAndEmail Completed Successfully.
2023-08-30 14:20:42.852 INFO  
2023-08-30 14:20:42.926 INFO Collected Old Mail as jho@miracle.dk and Old samAccountName as jho, new UPN is jakob.holst@knowit.dk
2023-08-30 14:20:42.929 INFO Now that all info has been collected, we will start the process of renaming Usernames and Email fields, to their new KNOWIT UPN
2023-08-30 14:20:43.351 INFO ChangeUsernameAndEmail Completed Successfully.
2023-08-30 14:20:43.354 INFO  
2023-08-30 14:20:43.426 INFO Collected Old Mail as jsk@miracle.dk and Old samAccountName as jsk, new UPN is jan.skelbaek@knowit.dk
2023-08-30 14:20:43.430 INFO Now that all info has been collected, we will start the process of renaming Usernames and Email fields, to their new KNOWIT UPN
2023-08-30 14:20:43.697 WARN Failed changing username of jsk to jan.skelbaek@knowit.dk! API returned  as username.
2023-08-30 14:20:43.701 INFO ChangeUsernameAndEmail Completed Successfully.
2023-08-30 14:20:43.704 INFO  
2023-08-30 14:20:43.772 INFO Collected Old Mail as jwi@miracle.dk and Old samAccountName as jwi, new UPN is jan.wigh@knowit.dk
2023-08-30 14:20:43.775 INFO Now that all info has been collected, we will start the process of renaming Usernames and Email fields, to their new KNOWIT UPN
2023-08-30 14:20:44.073 WARN Failed changing username of jwi to jan.wigh@knowit.dk! API returned  as username.
2023-08-30 14:20:44.077 INFO ChangeUsernameAndEmail Completed Successfully.
2023-08-30 14:20:44.080 INFO  
2023-08-30 14:20:44.153 INFO Collected Old Mail as jbh@miracle.dk and Old samAccountName as JBH, new UPN is jens.boye-hansen@knowit.dk
2023-08-30 14:20:44.157 INFO Now that all info has been collected, we will start the process of renaming Usernames and Email fields, to their new KNOWIT UPN
2023-08-30 14:20:44.585 INFO ChangeUsernameAndEmail Completed Successfully.
2023-08-30 14:20:44.589 INFO  
2023-08-30 14:20:44.656 INFO Collected Old Mail as jhc@miracle.dk and Old samAccountName as jhc, new UPN is jesper.heiberg-christensen@knowit.dk
2023-08-30 14:20:44.660 INFO Now that all info has been collected, we will start the process of renaming Usernames and Email fields, to their new KNOWIT UPN
2023-08-30 14:20:45.104 INFO ChangeUsernameAndEmail Completed Successfully.
2023-08-30 14:20:45.107 INFO  
2023-08-30 14:20:45.180 INFO Collected Old Mail as jmy@miracle.dk and Old samAccountName as jmy, new UPN is jesper.mygind@knowit.dk
2023-08-30 14:20:45.184 INFO Now that all info has been collected, we will start the process of renaming Usernames and Email fields, to their new KNOWIT UPN
2023-08-30 14:20:45.650 INFO ChangeUsernameAndEmail Completed Successfully.
2023-08-30 14:20:45.654 INFO  
2023-08-30 14:20:45.724 INFO Collected Old Mail as jsa@miracle.dk and Old samAccountName as jsa, new UPN is john.smed-andersen@knowit.dk
2023-08-30 14:20:45.729 INFO Now that all info has been collected, we will start the process of renaming Usernames and Email fields, to their new KNOWIT UPN
2023-08-30 14:20:46.086 INFO ChangeUsernameAndEmail Completed Successfully.
2023-08-30 14:20:46.090 INFO  
2023-08-30 14:20:46.166 INFO Collected Old Mail as jol@miracle.dk and Old samAccountName as jol, new UPN is jonas.lauritsen@knowit.dk
2023-08-30 14:20:46.169 INFO Now that all info has been collected, we will start the process of renaming Usernames and Email fields, to their new KNOWIT UPN
2023-08-30 14:20:46.456 WARN Failed changing username of jol to jonas.lauritsen@knowit.dk! API returned  as username.
2023-08-30 14:20:46.459 INFO ChangeUsernameAndEmail Completed Successfully.
2023-08-30 14:20:46.463 INFO  
2023-08-30 14:20:46.593 INFO Collected Old Mail as jhe@miracle.dk and Old samAccountName as jhe, new UPN is jonas.lindberg-henriksen@knowit.dk
2023-08-30 14:20:46.596 INFO Now that all info has been collected, we will start the process of renaming Usernames and Email fields, to their new KNOWIT UPN
2023-08-30 14:20:46.992 INFO ChangeUsernameAndEmail Completed Successfully.
2023-08-30 14:20:46.995 INFO  
2023-08-30 14:20:47.066 INFO Collected Old Mail as kms@miracle.dk and Old samAccountName as kms, new UPN is karen.sorensen@knowit.dk
2023-08-30 14:20:47.070 INFO Now that all info has been collected, we will start the process of renaming Usernames and Email fields, to their new KNOWIT UPN
2023-08-30 14:20:47.469 INFO ChangeUsernameAndEmail Completed Successfully.
2023-08-30 14:20:47.472 INFO  
2023-08-30 14:20:47.539 INFO Collected Old Mail as kwr@miracle.dk and Old samAccountName as kwr, new UPN is karin.wrede@knowit.dk
2023-08-30 14:20:47.544 INFO Now that all info has been collected, we will start the process of renaming Usernames and Email fields, to their new KNOWIT UPN
2023-08-30 14:20:47.970 INFO ChangeUsernameAndEmail Completed Successfully.
2023-08-30 14:20:47.973 INFO  
2023-08-30 14:20:48.046 INFO Collected Old Mail as karsten.wagner@knowit.dk and Old samAccountName as kaw, new UPN is karsten.wagner@knowit.dk
2023-08-30 14:20:48.049 INFO Now that all info has been collected, we will start the process of renaming Usernames and Email fields, to their new KNOWIT UPN
2023-08-30 14:20:48.509 INFO ChangeUsernameAndEmail Completed Successfully.
2023-08-30 14:20:48.513 INFO  
2023-08-30 14:20:48.638 INFO Collected Old Mail as kka@miracle.dk and Old samAccountName as kka, new UPN is kasper.andersen@knowit.dk
2023-08-30 14:20:48.642 INFO Now that all info has been collected, we will start the process of renaming Usernames and Email fields, to their new KNOWIT UPN
2023-08-30 14:20:49.022 INFO ChangeUsernameAndEmail Completed Successfully.
2023-08-30 14:20:49.026 INFO  
2023-08-30 14:20:49.113 INFO Collected Old Mail as kim.ipsen@knowit.dk and Old samAccountName as kip, new UPN is kim.ipsen@knowit.dk
2023-08-30 14:20:49.117 INFO Now that all info has been collected, we will start the process of renaming Usernames and Email fields, to their new KNOWIT UPN
2023-08-30 14:20:49.455 INFO ChangeUsernameAndEmail Completed Successfully.
2023-08-30 14:20:49.459 INFO  
2023-08-30 14:20:49.531 INFO Collected Old Mail as kjo@miracle.dk and Old samAccountName as kjo, new UPN is kirsten.johnk@knowit.dk
2023-08-30 14:20:49.534 INFO Now that all info has been collected, we will start the process of renaming Usernames and Email fields, to their new KNOWIT UPN
2023-08-30 14:20:49.995 INFO ChangeUsernameAndEmail Completed Successfully.
2023-08-30 14:20:49.998 INFO  
2023-08-30 14:20:50.069 INFO Collected Old Mail as kbu@miracle.dk and Old samAccountName as kbu, new UPN is kristoffer.bundgaard@knowit.dk
2023-08-30 14:20:50.077 INFO Now that all info has been collected, we will start the process of renaming Usernames and Email fields, to their new KNOWIT UPN
2023-08-30 14:20:50.379 WARN Failed changing username of kbu to kristoffer.bundgaard@knowit.dk! API returned  as username.
2023-08-30 14:20:50.382 INFO ChangeUsernameAndEmail Completed Successfully.
2023-08-30 14:20:50.386 INFO  
2023-08-30 14:20:50.453 INFO Collected Old Mail as ksj@miracle.dk and Old samAccountName as ksj, new UPN is kristoffer.skude@knowit.dk
2023-08-30 14:20:50.457 INFO Now that all info has been collected, we will start the process of renaming Usernames and Email fields, to their new KNOWIT UPN
2023-08-30 14:20:50.832 INFO ChangeUsernameAndEmail Completed Successfully.
2023-08-30 14:20:50.836 INFO  
2023-08-30 14:20:50.923 INFO Collected Old Mail as kst@miracle.dk and Old samAccountName as kst, new UPN is kristoffer.sterndorff@knowit.dk
2023-08-30 14:20:50.927 INFO Now that all info has been collected, we will start the process of renaming Usernames and Email fields, to their new KNOWIT UPN
2023-08-30 14:20:51.301 INFO ChangeUsernameAndEmail Completed Successfully.
2023-08-30 14:20:51.305 INFO  
2023-08-30 14:20:51.379 INFO Collected Old Mail as llo@miracle.dk and Old samAccountName as llo, new UPN is lasse.lovdahl@knowit.dk
2023-08-30 14:20:51.382 INFO Now that all info has been collected, we will start the process of renaming Usernames and Email fields, to their new KNOWIT UPN
2023-08-30 14:20:51.679 WARN Failed changing username of llo to lasse.lovdahl@knowit.dk! API returned  as username.
2023-08-30 14:20:51.682 INFO ChangeUsernameAndEmail Completed Successfully.
2023-08-30 14:20:51.686 INFO  
2023-08-30 14:20:51.755 INFO Collected Old Mail as lucas.hemmingsen@knowit.dk and Old samAccountName as lhh, new UPN is lucas.hemmingsen@knowit.dk
2023-08-30 14:20:51.759 INFO Now that all info has been collected, we will start the process of renaming Usernames and Email fields, to their new KNOWIT UPN
2023-08-30 14:20:52.135 INFO ChangeUsernameAndEmail Completed Successfully.
2023-08-30 14:20:52.140 INFO  
2023-08-30 14:20:52.211 INFO Collected Old Mail as mvn@miracle.dk and Old samAccountName as mvn, new UPN is manuela.vibholm@knowit.dk
2023-08-30 14:20:52.214 INFO Now that all info has been collected, we will start the process of renaming Usernames and Email fields, to their new KNOWIT UPN
2023-08-30 14:20:52.581 INFO ChangeUsernameAndEmail Completed Successfully.
2023-08-30 14:20:52.584 INFO  
2023-08-30 14:20:52.673 INFO Collected Old Mail as mwo@miracle.dk and Old samAccountName as mwo, new UPN is margrethe.worsoe@knowit.dk
2023-08-30 14:20:52.677 INFO Now that all info has been collected, we will start the process of renaming Usernames and Email fields, to their new KNOWIT UPN
2023-08-30 14:20:53.130 INFO ChangeUsernameAndEmail Completed Successfully.
2023-08-30 14:20:53.135 INFO  
2023-08-30 14:20:53.205 INFO Collected Old Mail as mbe@miracle.dk and Old samAccountName as mbe, new UPN is mark.berthelsen@knowit.dk
2023-08-30 14:20:53.209 INFO Now that all info has been collected, we will start the process of renaming Usernames and Email fields, to their new KNOWIT UPN
2023-08-30 14:20:53.635 INFO ChangeUsernameAndEmail Completed Successfully.
2023-08-30 14:20:53.640 INFO  
2023-08-30 14:20:53.710 INFO Collected Old Mail as mag@miracle.dk and Old samAccountName as mag, new UPN is markus.agnsgaard@knowit.dk
2023-08-30 14:20:53.715 INFO Now that all info has been collected, we will start the process of renaming Usernames and Email fields, to their new KNOWIT UPN
2023-08-30 14:20:54.438 INFO ChangeUsernameAndEmail Completed Successfully.
2023-08-30 14:20:54.442 INFO  
2023-08-30 14:20:54.520 INFO Collected Old Mail as mbb@miracle.dk and Old samAccountName as mbb, new UPN is martin.baehrenz@knowit.dk
2023-08-30 14:20:54.528 INFO Now that all info has been collected, we will start the process of renaming Usernames and Email fields, to their new KNOWIT UPN
2023-08-30 14:20:54.982 INFO ChangeUsernameAndEmail Completed Successfully.
2023-08-30 14:20:54.986 INFO  
2023-08-30 14:20:55.148 INFO Collected Old Mail as mje@miracle.dk and Old samAccountName as mje, new UPN is martin.jeppesen@knowit.dk
2023-08-30 14:20:55.152 INFO Now that all info has been collected, we will start the process of renaming Usernames and Email fields, to their new KNOWIT UPN
2023-08-30 14:20:55.507 INFO ChangeUsernameAndEmail Completed Successfully.
2023-08-30 14:20:55.511 INFO  
2023-08-30 14:20:55.582 INFO Collected Old Mail as mju@miracle.dk and Old samAccountName as mju, new UPN is martin.juhl@knowit.dk
2023-08-30 14:20:55.586 INFO Now that all info has been collected, we will start the process of renaming Usernames and Email fields, to their new KNOWIT UPN
2023-08-30 14:20:55.940 INFO ChangeUsernameAndEmail Completed Successfully.
2023-08-30 14:20:55.944 INFO  
2023-08-30 14:20:56.087 INFO Collected Old Mail as mth@miracle.dk and Old samAccountName as mth, new UPN is martin.thykier@knowit.dk
2023-08-30 14:20:56.091 INFO Now that all info has been collected, we will start the process of renaming Usernames and Email fields, to their new KNOWIT UPN
2023-08-30 14:20:56.478 INFO ChangeUsernameAndEmail Completed Successfully.
2023-08-30 14:20:56.482 INFO  
2023-08-30 14:20:56.557 INFO Collected Old Mail as mab@miracle.dk and Old samAccountName as mab, new UPN is 
2023-08-30 14:20:56.622 INFO Collected Old Mail as mal@miracle.dk and Old samAccountName as mal, new UPN is 
2023-08-30 14:20:56.691 INFO Collected Old Mail as mes@miracle.dk and Old samAccountName as mes, new UPN is megha.singh@knowit.dk
2023-08-30 14:20:56.696 INFO Now that all info has been collected, we will start the process of renaming Usernames and Email fields, to their new KNOWIT UPN
2023-08-30 14:20:57.081 INFO ChangeUsernameAndEmail Completed Successfully.
2023-08-30 14:20:57.085 INFO  
2023-08-30 14:20:57.156 INFO Collected Old Mail as mto@miracle.dk and Old samAccountName as mto, new UPN is mia.tottrup@knowit.dk
2023-08-30 14:20:57.160 INFO Now that all info has been collected, we will start the process of renaming Usernames and Email fields, to their new KNOWIT UPN
2023-08-30 14:20:57.598 INFO ChangeUsernameAndEmail Completed Successfully.
2023-08-30 14:20:57.603 INFO  
2023-08-30 14:20:57.673 INFO Collected Old Mail as michael.demol@knowit.dk and Old samAccountName as mid, new UPN is michael.demol@knowit.dk
2023-08-30 14:20:57.677 INFO Now that all info has been collected, we will start the process of renaming Usernames and Email fields, to their new KNOWIT UPN
2023-08-30 14:20:58.085 INFO ChangeUsernameAndEmail Completed Successfully.
2023-08-30 14:20:58.090 INFO  
2023-08-30 14:20:58.161 INFO Collected Old Mail as mhj@miracle.dk and Old samAccountName as mhj, new UPN is michael.hjorth@knowit.dk
2023-08-30 14:20:58.165 INFO Now that all info has been collected, we will start the process of renaming Usernames and Email fields, to their new KNOWIT UPN
2023-08-30 14:20:58.729 INFO ChangeUsernameAndEmail Completed Successfully.
2023-08-30 14:20:58.733 INFO  
2023-08-30 14:20:58.805 INFO Collected Old Mail as mema@miracle.dk and Old samAccountName as mema, new UPN is mikkel.andreasen@knowit.dk
2023-08-30 14:20:58.809 INFO Now that all info has been collected, we will start the process of renaming Usernames and Email fields, to their new KNOWIT UPN
2023-08-30 14:20:59.080 WARN Failed changing username of mema to mikkel.andreasen@knowit.dk! API returned  as username.
2023-08-30 14:20:59.084 INFO ChangeUsernameAndEmail Completed Successfully.
2023-08-30 14:20:59.087 INFO  
2023-08-30 14:20:59.156 INFO Collected Old Mail as mbu@miracle.dk and Old samAccountName as mbu, new UPN is mikkel.buhl@knowit.dk
2023-08-30 14:20:59.161 INFO Now that all info has been collected, we will start the process of renaming Usernames and Email fields, to their new KNOWIT UPN
2023-08-30 14:20:59.635 INFO ChangeUsernameAndEmail Completed Successfully.
2023-08-30 14:20:59.640 INFO  
2023-08-30 14:20:59.711 INFO Collected Old Mail as mfr@miracle.dk and Old samAccountName as mfr, new UPN is morten.fredso@knowit.dk
2023-08-30 14:20:59.714 INFO Now that all info has been collected, we will start the process of renaming Usernames and Email fields, to their new KNOWIT UPN
2023-08-30 14:21:00.203 INFO ChangeUsernameAndEmail Completed Successfully.
2023-08-30 14:21:00.207 INFO  
2023-08-30 14:21:00.280 INFO Collected Old Mail as mki@miracle.dk and Old samAccountName as mki, new UPN is 
2023-08-30 14:21:00.362 INFO Collected Old Mail as mly@miracle.dk and Old samAccountName as mly, new UPN is morten.lyndrup@knowit.dk
2023-08-30 14:21:00.374 INFO Now that all info has been collected, we will start the process of renaming Usernames and Email fields, to their new KNOWIT UPN
2023-08-30 14:21:01.030 INFO ChangeUsernameAndEmail Completed Successfully.
2023-08-30 14:21:01.034 INFO  
2023-08-30 14:21:01.106 INFO Collected Old Mail as msa@miracle.dk and Old samAccountName as msa, new UPN is morten.saabye@knowit.dk
2023-08-30 14:21:01.110 INFO Now that all info has been collected, we will start the process of renaming Usernames and Email fields, to their new KNOWIT UPN
2023-08-30 14:21:01.539 INFO ChangeUsernameAndEmail Completed Successfully.
2023-08-30 14:21:01.544 INFO  
2023-08-30 14:21:01.615 INFO Collected Old Mail as npr@miracle.dk and Old samAccountName as npr, new UPN is nana.prendergast@knowit.dk
2023-08-30 14:21:01.619 INFO Now that all info has been collected, we will start the process of renaming Usernames and Email fields, to their new KNOWIT UPN
2023-08-30 14:21:02.088 INFO ChangeUsernameAndEmail Completed Successfully.
2023-08-30 14:21:02.091 INFO  
2023-08-30 14:21:02.168 INFO Collected Old Mail as nih@miracle.dk and Old samAccountName as nih, new UPN is nicolai.henriksen@knowit.dk
2023-08-30 14:21:02.171 INFO Now that all info has been collected, we will start the process of renaming Usernames and Email fields, to their new KNOWIT UPN
2023-08-30 14:21:02.434 WARN Failed changing username of nih to nicolai.henriksen@knowit.dk! API returned  as username.
2023-08-30 14:21:02.437 INFO ChangeUsernameAndEmail Completed Successfully.
2023-08-30 14:21:02.441 INFO  
2023-08-30 14:21:02.508 INFO Collected Old Mail as nicolas.larsen@knowit.dk and Old samAccountName as ndl, new UPN is nicolas.larsen@knowit.dk
2023-08-30 14:21:02.512 INFO Now that all info has been collected, we will start the process of renaming Usernames and Email fields, to their new KNOWIT UPN
2023-08-30 14:21:02.852 INFO ChangeUsernameAndEmail Completed Successfully.
2023-08-30 14:21:02.856 INFO  
2023-08-30 14:21:02.949 INFO Collected Old Mail as nly@miracle.dk and Old samAccountName as nly, new UPN is niels.lysgaard-madsen@knowit.dk
2023-08-30 14:21:02.953 INFO Now that all info has been collected, we will start the process of renaming Usernames and Email fields, to their new KNOWIT UPN
2023-08-30 14:21:03.191 WARN Failed changing username of nly to niels.lysgaard-madsen@knowit.dk! API returned  as username.
2023-08-30 14:21:03.197 INFO ChangeUsernameAndEmail Completed Successfully.
2023-08-30 14:21:03.201 INFO  
2023-08-30 14:21:03.266 INFO Collected Old Mail as not@miracle.dk and Old samAccountName as not, new UPN is 
2023-08-30 14:21:03.338 INFO Collected Old Mail as ojk@miracle.dk and Old samAccountName as ojk, new UPN is olav.kjaer@knowit.dk
2023-08-30 14:21:03.341 INFO Now that all info has been collected, we will start the process of renaming Usernames and Email fields, to their new KNOWIT UPN
2023-08-30 14:21:03.681 INFO ChangeUsernameAndEmail Completed Successfully.
2023-08-30 14:21:03.685 INFO  
2023-08-30 14:21:03.757 INFO Collected Old Mail as olu@miracle.dk and Old samAccountName as olu, new UPN is ole.lunddahl@knowit.dk
2023-08-30 14:21:03.761 INFO Now that all info has been collected, we will start the process of renaming Usernames and Email fields, to their new KNOWIT UPN
2023-08-30 14:21:04.038 WARN Failed changing username of olu to ole.lunddahl@knowit.dk! API returned  as username.
2023-08-30 14:21:04.041 INFO ChangeUsernameAndEmail Completed Successfully.
2023-08-30 14:21:04.045 INFO  
2023-08-30 14:21:04.115 INFO Collected Old Mail as oda@miracle.dk and Old samAccountName as oda, new UPN is ove.dalum@knowit.dk
2023-08-30 14:21:04.118 INFO Now that all info has been collected, we will start the process of renaming Usernames and Email fields, to their new KNOWIT UPN
2023-08-30 14:21:04.515 INFO ChangeUsernameAndEmail Completed Successfully.
2023-08-30 14:21:04.519 INFO  
2023-08-30 14:21:04.589 INFO Collected Old Mail as pgr@miracle.dk and Old samAccountName as pgr, new UPN is pascal.grooters@knowit.dk
2023-08-30 14:21:04.594 INFO Now that all info has been collected, we will start the process of renaming Usernames and Email fields, to their new KNOWIT UPN
2023-08-30 14:21:05.035 INFO ChangeUsernameAndEmail Completed Successfully.
2023-08-30 14:21:05.040 INFO  
2023-08-30 14:21:05.109 INFO Collected Old Mail as pvo@miracle.dk and Old samAccountName as pvo, new UPN is per.voss@knowit.dk
2023-08-30 14:21:05.113 INFO Now that all info has been collected, we will start the process of renaming Usernames and Email fields, to their new KNOWIT UPN
2023-08-30 14:21:05.637 INFO ChangeUsernameAndEmail Completed Successfully.
2023-08-30 14:21:05.640 INFO  
2023-08-30 14:21:05.710 INFO Collected Old Mail as phm@miracle.dk and Old samAccountName as phm, new UPN is peter.hallas-moller@knowit.dk
2023-08-30 14:21:05.713 INFO Now that all info has been collected, we will start the process of renaming Usernames and Email fields, to their new KNOWIT UPN
2023-08-30 14:21:06.003 WARN Failed changing username of phm to peter.hallas-moller@knowit.dk! API returned  as username.
2023-08-30 14:21:06.007 INFO ChangeUsernameAndEmail Completed Successfully.
2023-08-30 14:21:06.010 INFO  
2023-08-30 14:21:06.078 INFO Collected Old Mail as pej@miracle.dk and Old samAccountName as pej, new UPN is peter.jakobsen@knowit.dk
2023-08-30 14:21:06.082 INFO Now that all info has been collected, we will start the process of renaming Usernames and Email fields, to their new KNOWIT UPN
2023-08-30 14:21:06.457 INFO ChangeUsernameAndEmail Completed Successfully.
2023-08-30 14:21:06.461 INFO  
2023-08-30 14:21:06.552 INFO Collected Old Mail as pli@miracle.dk and Old samAccountName as pli, new UPN is pli_miracle.dk#EXT#@knowit.onmicrosoft.com
2023-08-30 14:21:06.556 INFO Now that all info has been collected, we will start the process of renaming Usernames and Email fields, to their new KNOWIT UPN
2023-08-30 14:21:06.947 INFO ChangeUsernameAndEmail Completed Successfully.
2023-08-30 14:21:06.951 INFO  
2023-08-30 14:21:07.020 INFO Collected Old Mail as pem@miracle.dk and Old samAccountName as pem, new UPN is peter.melvig@knowit.dk
2023-08-30 14:21:07.024 INFO Now that all info has been collected, we will start the process of renaming Usernames and Email fields, to their new KNOWIT UPN
2023-08-30 14:21:07.498 INFO ChangeUsernameAndEmail Completed Successfully.
2023-08-30 14:21:07.503 INFO  
2023-08-30 14:21:07.582 INFO Collected Old Mail as pct@miracle.dk and Old samAccountName as pct, new UPN is 
2023-08-30 14:21:07.653 INFO Collected Old Mail as pht@miracle.dk and Old samAccountName as pht, new UPN is philip.tzannis@knowit.dk
2023-08-30 14:21:07.657 INFO Now that all info has been collected, we will start the process of renaming Usernames and Email fields, to their new KNOWIT UPN
2023-08-30 14:21:08.095 INFO ChangeUsernameAndEmail Completed Successfully.
2023-08-30 14:21:08.099 INFO  
2023-08-30 14:21:08.172 INFO Collected Old Mail as pka@miracle.dk and Old samAccountName as pka, new UPN is pia.krog@knowit.dk
2023-08-30 14:21:08.176 INFO Now that all info has been collected, we will start the process of renaming Usernames and Email fields, to their new KNOWIT UPN
2023-08-30 14:21:08.601 INFO ChangeUsernameAndEmail Completed Successfully.
2023-08-30 14:21:08.605 INFO  
2023-08-30 14:21:08.681 INFO Collected Old Mail as pss@miracle.dk and Old samAccountName as pss, new UPN is poul.sorensen@knowit.dk
2023-08-30 14:21:08.685 INFO Now that all info has been collected, we will start the process of renaming Usernames and Email fields, to their new KNOWIT UPN
2023-08-30 14:21:08.991 WARN Failed changing username of pss to poul.sorensen@knowit.dk! API returned  as username.
2023-08-30 14:21:08.997 INFO ChangeUsernameAndEmail Completed Successfully.
2023-08-30 14:21:09.001 INFO  
2023-08-30 14:21:09.073 INFO Collected Old Mail as psi@miracle.dk and Old samAccountName as psi, new UPN is preben.simonsen@knowit.dk
2023-08-30 14:21:09.078 INFO Now that all info has been collected, we will start the process of renaming Usernames and Email fields, to their new KNOWIT UPN
2023-08-30 14:21:09.496 INFO ChangeUsernameAndEmail Completed Successfully.
2023-08-30 14:21:09.501 INFO  
2023-08-30 14:21:09.692 INFO Collected Old Mail as rsi@miracle.dk and Old samAccountName as rsi, new UPN is rachna.singh@knowit.dk
2023-08-30 14:21:09.697 INFO Now that all info has been collected, we will start the process of renaming Usernames and Email fields, to their new KNOWIT UPN
2023-08-30 14:21:10.313 INFO ChangeUsernameAndEmail Completed Successfully.
2023-08-30 14:21:10.317 INFO  
2023-08-30 14:21:10.386 INFO Collected Old Mail as rje@miracle.dk and Old samAccountName as rje, new UPN is rene.jelle@knowit.dk
2023-08-30 14:21:10.390 INFO Now that all info has been collected, we will start the process of renaming Usernames and Email fields, to their new KNOWIT UPN
2023-08-30 14:21:10.878 INFO ChangeUsernameAndEmail Completed Successfully.
2023-08-30 14:21:10.882 INFO  
2023-08-30 14:21:10.946 INFO Collected Old Mail as rhm@miracle.dk and Old samAccountName as rhm, new UPN is 
2023-08-30 14:21:11.018 INFO Collected Old Mail as rie@miracle.dk and Old samAccountName as rie, new UPN is rie.eriksen@knowit.dk
2023-08-30 14:21:11.021 INFO Now that all info has been collected, we will start the process of renaming Usernames and Email fields, to their new KNOWIT UPN
2023-08-30 14:21:11.435 INFO ChangeUsernameAndEmail Completed Successfully.
2023-08-30 14:21:11.439 INFO  
2023-08-30 14:21:11.510 INFO Collected Old Mail as sfv@miracle.dk and Old samAccountName as sfv, new UPN is 
2023-08-30 14:21:11.585 INFO Collected Old Mail as smb@miracle.dk and Old samAccountName as smb, new UPN is 
2023-08-30 14:21:11.653 INFO Collected Old Mail as sis@miracle.dk and Old samAccountName as sis, new UPN is sinan.sert@knowit.dk
2023-08-30 14:21:11.657 INFO Now that all info has been collected, we will start the process of renaming Usernames and Email fields, to their new KNOWIT UPN
2023-08-30 14:21:12.233 INFO ChangeUsernameAndEmail Completed Successfully.
2023-08-30 14:21:12.239 INFO  
2023-08-30 14:21:12.337 INFO Collected Old Mail as sofia.storm@knowit.dk and Old samAccountName as sos, new UPN is sofia.storm@knowit.dk
2023-08-30 14:21:12.341 INFO Now that all info has been collected, we will start the process of renaming Usernames and Email fields, to their new KNOWIT UPN
2023-08-30 14:21:12.750 INFO ChangeUsernameAndEmail Completed Successfully.
2023-08-30 14:21:12.753 INFO  
2023-08-30 14:21:12.817 INFO Collected Old Mail as sda@miracle.dk and Old samAccountName as sdp, new UPN is 
2023-08-30 14:21:12.885 INFO Collected Old Mail as sss@miracle.dk and Old samAccountName as sss, new UPN is svend.stagis@knowit.dk
2023-08-30 14:21:12.888 INFO Now that all info has been collected, we will start the process of renaming Usernames and Email fields, to their new KNOWIT UPN
2023-08-30 14:21:13.366 INFO ChangeUsernameAndEmail Completed Successfully.
2023-08-30 14:21:13.370 INFO  
2023-08-30 14:21:13.437 INFO Collected Old Mail as tbj@miracle.dk and Old samAccountName as tbj, new UPN is thomas.brigsted@knowit.dk
2023-08-30 14:21:13.441 INFO Now that all info has been collected, we will start the process of renaming Usernames and Email fields, to their new KNOWIT UPN
2023-08-30 14:21:13.707 WARN Failed changing username of tbj to thomas.brigsted@knowit.dk! API returned  as username.
2023-08-30 14:21:13.711 INFO ChangeUsernameAndEmail Completed Successfully.
2023-08-30 14:21:13.715 INFO  
2023-08-30 14:21:13.785 INFO Collected Old Mail as tuh@miracle.dk and Old samAccountName as tuh, new UPN is thomas.uhrskov@knowit.dk
2023-08-30 14:21:13.789 INFO Now that all info has been collected, we will start the process of renaming Usernames and Email fields, to their new KNOWIT UPN
2023-08-30 14:21:14.039 WARN Failed changing username of tuh to thomas.uhrskov@knowit.dk! API returned  as username.
2023-08-30 14:21:14.042 INFO ChangeUsernameAndEmail Completed Successfully.
2023-08-30 14:21:14.046 INFO  
2023-08-30 14:21:14.116 INFO Collected Old Mail as THL@miracle.dk and Old samAccountName as thl, new UPN is thuy.le@knowit.dk
2023-08-30 14:21:14.120 INFO Now that all info has been collected, we will start the process of renaming Usernames and Email fields, to their new KNOWIT UPN
2023-08-30 14:21:14.511 INFO ChangeUsernameAndEmail Completed Successfully.
2023-08-30 14:21:14.516 INFO  
2023-08-30 14:21:14.587 INFO Collected Old Mail as tfa@miracle.dk and Old samAccountName as tfa, new UPN is tina.facius@knowit.dk
2023-08-30 14:21:14.590 INFO Now that all info has been collected, we will start the process of renaming Usernames and Email fields, to their new KNOWIT UPN
2023-08-30 14:21:14.962 INFO ChangeUsernameAndEmail Completed Successfully.
2023-08-30 14:21:14.966 INFO  
2023-08-30 14:21:15.032 INFO Collected Old Mail as tjk@miracle.dk and Old samAccountName as tjk, new UPN is torben.junker-kjaer@knowit.dk
2023-08-30 14:21:15.036 INFO Now that all info has been collected, we will start the process of renaming Usernames and Email fields, to their new KNOWIT UPN
2023-08-30 14:21:15.279 WARN Failed changing username of tjk to torben.junker-kjaer@knowit.dk! API returned  as username.
2023-08-30 14:21:15.283 INFO ChangeUsernameAndEmail Completed Successfully.
2023-08-30 14:21:15.286 INFO  
2023-08-30 14:21:15.354 INFO Collected Old Mail as tky@miracle.dk and Old samAccountName as tky, new UPN is torben.kyndbol@knowit.dk
2023-08-30 14:21:15.358 INFO Now that all info has been collected, we will start the process of renaming Usernames and Email fields, to their new KNOWIT UPN
2023-08-30 14:21:15.657 WARN Failed changing username of tky to torben.kyndbol@knowit.dk! API returned  as username.
2023-08-30 14:21:15.661 INFO ChangeUsernameAndEmail Completed Successfully.
2023-08-30 14:21:15.665 INFO  
2023-08-30 14:21:15.738 INFO Collected Old Mail as tha@miracle.dk and Old samAccountName as tha, new UPN is troels.hansen@knowit.dk
2023-08-30 14:21:15.741 INFO Now that all info has been collected, we will start the process of renaming Usernames and Email fields, to their new KNOWIT UPN
2023-08-30 14:21:16.142 INFO ChangeUsernameAndEmail Completed Successfully.
2023-08-30 14:21:16.146 INFO  
2023-08-30 14:21:16.231 INFO Collected Old Mail as tmt@miracle.dk and Old samAccountName as tmt, new UPN is troels.thomsen@knowit.dk
2023-08-30 14:21:16.234 INFO Now that all info has been collected, we will start the process of renaming Usernames and Email fields, to their new KNOWIT UPN
2023-08-30 14:21:16.657 INFO ChangeUsernameAndEmail Completed Successfully.
2023-08-30 14:21:16.662 INFO  
2023-08-30 14:21:16.730 INFO Collected Old Mail as tca@miracle.dk and Old samAccountName as tca, new UPN is 
2023-08-30 14:21:16.805 INFO Collected Old Mail as uhc@miracle.dk and Old samAccountName as uhc, new UPN is ulla.hitz@knowit.dk
2023-08-30 14:21:16.808 INFO Now that all info has been collected, we will start the process of renaming Usernames and Email fields, to their new KNOWIT UPN
2023-08-30 14:21:17.129 INFO ChangeUsernameAndEmail Completed Successfully.
2023-08-30 14:21:17.133 INFO  
2023-08-30 14:21:17.201 INFO Collected Old Mail as uec@miracle.dk and Old samAccountName as uec, new UPN is ulrick.carstensen@knowit.dk
2023-08-30 14:21:17.204 INFO Now that all info has been collected, we will start the process of renaming Usernames and Email fields, to their new KNOWIT UPN
2023-08-30 14:21:17.561 INFO ChangeUsernameAndEmail Completed Successfully.
2023-08-30 14:21:17.565 INFO  
2023-08-30 14:21:17.640 INFO Collected Old Mail as ukr@miracle.dk and Old samAccountName as ukr, new UPN is ursula.krogsboll@knowit.dk
2023-08-30 14:21:17.644 INFO Now that all info has been collected, we will start the process of renaming Usernames and Email fields, to their new KNOWIT UPN
2023-08-30 14:21:17.934 WARN Failed changing username of ukr to ursula.krogsboll@knowit.dk! API returned  as username.
2023-08-30 14:21:17.938 INFO ChangeUsernameAndEmail Completed Successfully.
2023-08-30 14:21:17.941 INFO  
2023-08-30 14:21:18.010 INFO Collected Old Mail as vla@miracle.dk and Old samAccountName as vla, new UPN is vicky.langhoff@knowit.dk
2023-08-30 14:21:18.013 INFO Now that all info has been collected, we will start the process of renaming Usernames and Email fields, to their new KNOWIT UPN
2023-08-30 14:21:18.307 WARN Failed changing username of vla to vicky.langhoff@knowit.dk! API returned  as username.
2023-08-30 14:21:18.311 INFO ChangeUsernameAndEmail Completed Successfully.
2023-08-30 14:21:18.317 INFO  
2023-08-30 14:21:18.394 INFO Collected Old Mail as vbn@miracle.dk and Old samAccountName as vbn, new UPN is viktor.nymand@knowit.dk
2023-08-30 14:21:18.398 INFO Now that all info has been collected, we will start the process of renaming Usernames and Email fields, to their new KNOWIT UPN
2023-08-30 14:21:18.829 INFO ChangeUsernameAndEmail Completed Successfully.
2023-08-30 14:21:18.833 INFO  
2023-08-30 14:21:18.900 INFO Collected Old Mail as vbu@miracle.dk and Old samAccountName as vbu, new UPN is vincent.buchholz@knowit.dk
2023-08-30 14:21:18.904 INFO Now that all info has been collected, we will start the process of renaming Usernames and Email fields, to their new KNOWIT UPN
2023-08-30 14:21:19.258 INFO ChangeUsernameAndEmail Completed Successfully.
2023-08-30 14:21:19.262 INFO  
2023-08-30 14:21:19.332 INFO Collected Old Mail as wba@miracle.dk and Old samAccountName as wba, new UPN is walther.barnett@knowit.dk
2023-08-30 14:21:19.337 INFO Now that all info has been collected, we will start the process of renaming Usernames and Email fields, to their new KNOWIT UPN
2023-08-30 14:21:19.734 INFO ChangeUsernameAndEmail Completed Successfully.
2023-08-30 14:21:19.738 INFO  
2023-08-30 14:21:19.741 INFO GetAzureUserObject Completed Successfully.
2023-08-30 14:21:19.745 INFO  
2023-08-30 14:21:19.749 INFO End of Script
